"replicate","scenario","naive_first_stop_n","stable_first_stop_n","naive_stopped","stable_stopped","final_harm_fraction","final_harm_decision","naive_agrees_final","stable_agrees_final","naive_reversal","stable_reversal"
1,"A_threshold",1600,NA,TRUE,FALSE,0.22475,FALSE,FALSE,TRUE,TRUE,FALSE
2,"A_threshold",NA,NA,FALSE,FALSE,0.13525,FALSE,TRUE,TRUE,FALSE,FALSE
3,"A_threshold",1000,1600,TRUE,TRUE,0.3565,FALSE,FALSE,FALSE,TRUE,TRUE
4,"A_threshold",NA,NA,FALSE,FALSE,0.08,FALSE,TRUE,TRUE,FALSE,FALSE
5,"A_threshold",NA,NA,FALSE,FALSE,0,FALSE,TRUE,TRUE,FALSE,FALSE
6,"A_threshold",2200,NA,TRUE,FALSE,0.58075,TRUE,TRUE,FALSE,FALSE,FALSE
7,"A_threshold",1000,1600,TRUE,TRUE,0.396,FALSE,FALSE,FALSE,TRUE,TRUE
8,"A_threshold",NA,NA,FALSE,FALSE,0.00175,FALSE,TRUE,TRUE,FALSE,FALSE
9,"A_threshold",NA,NA,FALSE,FALSE,0.11225,FALSE,TRUE,TRUE,FALSE,FALSE
10,"A_threshold",2200,2800,TRUE,TRUE,0.30025,FALSE,FALSE,FALSE,TRUE,TRUE
11,"A_threshold",2800,3400,TRUE,TRUE,0.574,TRUE,TRUE,TRUE,FALSE,FALSE
12,"A_threshold",1000,NA,TRUE,FALSE,0,FALSE,FALSE,TRUE,TRUE,FALSE
13,"A_threshold",NA,NA,FALSE,FALSE,0.1735,FALSE,TRUE,TRUE,FALSE,FALSE
14,"A_threshold",NA,NA,FALSE,FALSE,0.05425,FALSE,TRUE,TRUE,FALSE,FALSE
15,"A_threshold",NA,NA,FALSE,FALSE,0.001,FALSE,TRUE,TRUE,FALSE,FALSE
16,"A_threshold",NA,NA,FALSE,FALSE,0.0805,FALSE,TRUE,TRUE,FALSE,FALSE
17,"A_threshold",NA,NA,FALSE,FALSE,0.2855,FALSE,TRUE,TRUE,FALSE,FALSE
18,"A_threshold",4000,NA,TRUE,FALSE,0.548,TRUE,TRUE,FALSE,FALSE,FALSE
19,"A_threshold",NA,NA,FALSE,FALSE,0.0375,FALSE,TRUE,TRUE,FALSE,FALSE
20,"A_threshold",1000,1600,TRUE,TRUE,0.29925,FALSE,FALSE,FALSE,TRUE,TRUE
21,"A_threshold",1000,NA,TRUE,FALSE,0.11325,FALSE,FALSE,TRUE,TRUE,FALSE
22,"A_threshold",NA,NA,FALSE,FALSE,0.02675,FALSE,TRUE,TRUE,FALSE,FALSE
23,"A_threshold",NA,NA,FALSE,FALSE,0,FALSE,TRUE,TRUE,FALSE,FALSE
24,"A_threshold",NA,NA,FALSE,FALSE,0.151,FALSE,TRUE,TRUE,FALSE,FALSE
25,"A_threshold",2800,NA,TRUE,FALSE,0.3525,FALSE,FALSE,TRUE,TRUE,FALSE
26,"A_threshold",1600,2200,TRUE,TRUE,0.335,FALSE,FALSE,FALSE,TRUE,TRUE
27,"A_threshold",1000,1600,TRUE,TRUE,0.22225,FALSE,FALSE,FALSE,TRUE,TRUE
28,"A_threshold",NA,NA,FALSE,FALSE,0.084,FALSE,TRUE,TRUE,FALSE,FALSE
29,"A_threshold",NA,NA,FALSE,FALSE,0.234,FALSE,TRUE,TRUE,FALSE,FALSE
30,"A_threshold",NA,NA,FALSE,FALSE,0.0815,FALSE,TRUE,TRUE,FALSE,FALSE
31,"A_threshold",NA,NA,FALSE,FALSE,0.072,FALSE,TRUE,TRUE,FALSE,FALSE
32,"A_threshold",NA,NA,FALSE,FALSE,0.02175,FALSE,TRUE,TRUE,FALSE,FALSE
33,"A_threshold",1600,NA,TRUE,FALSE,0.0025,FALSE,FALSE,TRUE,TRUE,FALSE
34,"A_threshold",NA,NA,FALSE,FALSE,0.42675,FALSE,TRUE,TRUE,FALSE,FALSE
35,"A_threshold",1000,1600,TRUE,TRUE,0.585,TRUE,TRUE,TRUE,FALSE,FALSE
36,"A_threshold",1000,NA,TRUE,FALSE,0.28825,FALSE,FALSE,TRUE,TRUE,FALSE
37,"A_threshold",NA,NA,FALSE,FALSE,0.01625,FALSE,TRUE,TRUE,FALSE,FALSE
38,"A_threshold",NA,NA,FALSE,FALSE,0.18525,FALSE,TRUE,TRUE,FALSE,FALSE
39,"A_threshold",1000,1600,TRUE,TRUE,0.08525,FALSE,FALSE,FALSE,TRUE,TRUE
40,"A_threshold",NA,NA,FALSE,FALSE,0.068,FALSE,TRUE,TRUE,FALSE,FALSE
41,"A_threshold",1000,1600,TRUE,TRUE,0.41,FALSE,FALSE,FALSE,TRUE,TRUE
42,"A_threshold",NA,NA,FALSE,FALSE,0.0285,FALSE,TRUE,TRUE,FALSE,FALSE
43,"A_threshold",NA,NA,FALSE,FALSE,0.1185,FALSE,TRUE,TRUE,FALSE,FALSE
44,"A_threshold",1000,1600,TRUE,TRUE,0.734,TRUE,TRUE,TRUE,FALSE,FALSE
45,"A_threshold",2800,3400,TRUE,TRUE,0.43475,FALSE,FALSE,FALSE,TRUE,TRUE
46,"A_threshold",NA,NA,FALSE,FALSE,0.28,FALSE,TRUE,TRUE,FALSE,FALSE
47,"A_threshold",1000,1600,TRUE,TRUE,0.56975,TRUE,TRUE,TRUE,FALSE,FALSE
48,"A_threshold",1000,1600,TRUE,TRUE,0.56675,TRUE,TRUE,TRUE,FALSE,FALSE
49,"A_threshold",NA,NA,FALSE,FALSE,0.162,FALSE,TRUE,TRUE,FALSE,FALSE
50,"A_threshold",1000,1600,TRUE,TRUE,0.61925,TRUE,TRUE,TRUE,FALSE,FALSE
51,"A_threshold",NA,NA,FALSE,FALSE,0.39625,FALSE,TRUE,TRUE,FALSE,FALSE
52,"A_threshold",NA,NA,FALSE,FALSE,0.2985,FALSE,TRUE,TRUE,FALSE,FALSE
53,"A_threshold",NA,NA,FALSE,FALSE,0.39075,FALSE,TRUE,TRUE,FALSE,FALSE
54,"A_threshold",NA,NA,FALSE,FALSE,0.07275,FALSE,TRUE,TRUE,FALSE,FALSE
55,"A_threshold",1000,NA,TRUE,FALSE,0.3395,FALSE,FALSE,TRUE,TRUE,FALSE
56,"A_threshold",NA,NA,FALSE,FALSE,0.449,FALSE,TRUE,TRUE,FALSE,FALSE
57,"A_threshold",NA,NA,FALSE,FALSE,0.1375,FALSE,TRUE,TRUE,FALSE,FALSE
58,"A_threshold",NA,NA,FALSE,FALSE,0.26725,FALSE,TRUE,TRUE,FALSE,FALSE
59,"A_threshold",NA,NA,FALSE,FALSE,0.01075,FALSE,TRUE,TRUE,FALSE,FALSE
60,"A_threshold",NA,NA,FALSE,FALSE,0.32875,FALSE,TRUE,TRUE,FALSE,FALSE
61,"A_threshold",NA,NA,FALSE,FALSE,0,FALSE,TRUE,TRUE,FALSE,FALSE
62,"A_threshold",NA,NA,FALSE,FALSE,0.399,FALSE,TRUE,TRUE,FALSE,FALSE
63,"A_threshold",2200,2800,TRUE,TRUE,0.44875,FALSE,FALSE,FALSE,TRUE,TRUE
64,"A_threshold",1000,1600,TRUE,TRUE,0.11075,FALSE,FALSE,FALSE,TRUE,TRUE
65,"A_threshold",3400,NA,TRUE,FALSE,0.4725,FALSE,FALSE,TRUE,TRUE,FALSE
66,"A_threshold",NA,NA,FALSE,FALSE,0.1495,FALSE,TRUE,TRUE,FALSE,FALSE
67,"A_threshold",1000,1600,TRUE,TRUE,0.37325,FALSE,FALSE,FALSE,TRUE,TRUE
68,"A_threshold",1600,2200,TRUE,TRUE,0.9935,TRUE,TRUE,TRUE,FALSE,FALSE
69,"A_threshold",2200,NA,TRUE,FALSE,0,FALSE,FALSE,TRUE,TRUE,FALSE
70,"A_threshold",1000,1600,TRUE,TRUE,0.40925,FALSE,FALSE,FALSE,TRUE,TRUE
71,"A_threshold",1000,1600,TRUE,TRUE,0.115,FALSE,FALSE,FALSE,TRUE,TRUE
72,"A_threshold",1000,NA,TRUE,FALSE,0.3065,FALSE,FALSE,TRUE,TRUE,FALSE
73,"A_threshold",NA,NA,FALSE,FALSE,0.45625,FALSE,TRUE,TRUE,FALSE,FALSE
74,"A_threshold",1600,NA,TRUE,FALSE,0.4205,FALSE,FALSE,TRUE,TRUE,FALSE
75,"A_threshold",NA,NA,FALSE,FALSE,0.03675,FALSE,TRUE,TRUE,FALSE,FALSE
76,"A_threshold",NA,NA,FALSE,FALSE,0.28325,FALSE,TRUE,TRUE,FALSE,FALSE
77,"A_threshold",1000,1600,TRUE,TRUE,1,TRUE,TRUE,TRUE,FALSE,FALSE
78,"A_threshold",NA,NA,FALSE,FALSE,0.01325,FALSE,TRUE,TRUE,FALSE,FALSE
79,"A_threshold",1000,1600,TRUE,TRUE,0.2625,FALSE,FALSE,FALSE,TRUE,TRUE
80,"A_threshold",1000,1600,TRUE,TRUE,0.39025,FALSE,FALSE,FALSE,TRUE,TRUE
81,"A_threshold",NA,NA,FALSE,FALSE,0,FALSE,TRUE,TRUE,FALSE,FALSE
82,"A_threshold",1000,1600,TRUE,TRUE,0.879,TRUE,TRUE,TRUE,FALSE,FALSE
83,"A_threshold",NA,NA,FALSE,FALSE,0.39425,FALSE,TRUE,TRUE,FALSE,FALSE
84,"A_threshold",2200,2800,TRUE,TRUE,0.6115,TRUE,TRUE,TRUE,FALSE,FALSE
85,"A_threshold",1000,NA,TRUE,FALSE,0,FALSE,FALSE,TRUE,TRUE,FALSE
86,"A_threshold",NA,NA,FALSE,FALSE,0.32525,FALSE,TRUE,TRUE,FALSE,FALSE
87,"A_threshold",2200,2800,TRUE,TRUE,0.1105,FALSE,FALSE,FALSE,TRUE,TRUE
88,"A_threshold",NA,NA,FALSE,FALSE,0.269,FALSE,TRUE,TRUE,FALSE,FALSE
89,"A_threshold",NA,NA,FALSE,FALSE,0.25175,FALSE,TRUE,TRUE,FALSE,FALSE
90,"A_threshold",1000,1600,TRUE,TRUE,0.53425,TRUE,TRUE,TRUE,FALSE,FALSE
91,"A_threshold",NA,NA,FALSE,FALSE,0.131,FALSE,TRUE,TRUE,FALSE,FALSE
92,"A_threshold",NA,NA,FALSE,FALSE,0.19,FALSE,TRUE,TRUE,FALSE,FALSE
93,"A_threshold",NA,NA,FALSE,FALSE,0.29575,FALSE,TRUE,TRUE,FALSE,FALSE
94,"A_threshold",1000,NA,TRUE,FALSE,0.4415,FALSE,FALSE,TRUE,TRUE,FALSE
95,"A_threshold",1000,1600,TRUE,TRUE,0.5075,TRUE,TRUE,TRUE,FALSE,FALSE
96,"A_threshold",NA,NA,FALSE,FALSE,0.19475,FALSE,TRUE,TRUE,FALSE,FALSE
97,"A_threshold",NA,NA,FALSE,FALSE,0.2505,FALSE,TRUE,TRUE,FALSE,FALSE
98,"A_threshold",NA,NA,FALSE,FALSE,0.3275,FALSE,TRUE,TRUE,FALSE,FALSE
99,"A_threshold",NA,NA,FALSE,FALSE,0,FALSE,TRUE,TRUE,FALSE,FALSE
100,"A_threshold",NA,NA,FALSE,FALSE,0,FALSE,TRUE,TRUE,FALSE,FALSE
101,"A_threshold",1000,1600,TRUE,TRUE,0.7555,TRUE,TRUE,TRUE,FALSE,FALSE
102,"A_threshold",1000,2800,TRUE,TRUE,0.44725,FALSE,FALSE,FALSE,TRUE,TRUE
103,"A_threshold",NA,NA,FALSE,FALSE,0.347,FALSE,TRUE,TRUE,FALSE,FALSE
104,"A_threshold",NA,NA,FALSE,FALSE,0,FALSE,TRUE,TRUE,FALSE,FALSE
105,"A_threshold",1000,1600,TRUE,TRUE,0.60525,TRUE,TRUE,TRUE,FALSE,FALSE
106,"A_threshold",2200,2800,TRUE,TRUE,0.5715,TRUE,TRUE,TRUE,FALSE,FALSE
107,"A_threshold",1000,1600,TRUE,TRUE,0.616,TRUE,TRUE,TRUE,FALSE,FALSE
108,"A_threshold",NA,NA,FALSE,FALSE,0.2905,FALSE,TRUE,TRUE,FALSE,FALSE
109,"A_threshold",1000,1600,TRUE,TRUE,0.56575,TRUE,TRUE,TRUE,FALSE,FALSE
110,"A_threshold",NA,NA,FALSE,FALSE,0.318,FALSE,TRUE,TRUE,FALSE,FALSE
111,"A_threshold",NA,NA,FALSE,FALSE,0,FALSE,TRUE,TRUE,FALSE,FALSE
112,"A_threshold",1000,3400,TRUE,TRUE,0.94625,TRUE,TRUE,TRUE,FALSE,FALSE
113,"A_threshold",NA,NA,FALSE,FALSE,0.30575,FALSE,TRUE,TRUE,FALSE,FALSE
114,"A_threshold",1000,1600,TRUE,TRUE,0.474,FALSE,FALSE,FALSE,TRUE,TRUE
115,"A_threshold",NA,NA,FALSE,FALSE,0.00675,FALSE,TRUE,TRUE,FALSE,FALSE
116,"A_threshold",NA,NA,FALSE,FALSE,0.26625,FALSE,TRUE,TRUE,FALSE,FALSE
117,"A_threshold",NA,NA,FALSE,FALSE,0.063,FALSE,TRUE,TRUE,FALSE,FALSE
118,"A_threshold",NA,NA,FALSE,FALSE,0.33375,FALSE,TRUE,TRUE,FALSE,FALSE
119,"A_threshold",NA,NA,FALSE,FALSE,0,FALSE,TRUE,TRUE,FALSE,FALSE
120,"A_threshold",NA,NA,FALSE,FALSE,0.322,FALSE,TRUE,TRUE,FALSE,FALSE
121,"A_threshold",NA,NA,FALSE,FALSE,0.26525,FALSE,TRUE,TRUE,FALSE,FALSE
122,"A_threshold",1000,1600,TRUE,TRUE,0.60475,TRUE,TRUE,TRUE,FALSE,FALSE
123,"A_threshold",NA,NA,FALSE,FALSE,0,FALSE,TRUE,TRUE,FALSE,FALSE
124,"A_threshold",1000,1600,TRUE,TRUE,0.13575,FALSE,FALSE,FALSE,TRUE,TRUE
125,"A_threshold",NA,NA,FALSE,FALSE,0.31725,FALSE,TRUE,TRUE,FALSE,FALSE
126,"A_threshold",1000,NA,TRUE,FALSE,0.23575,FALSE,FALSE,TRUE,TRUE,FALSE
127,"A_threshold",1000,1600,TRUE,TRUE,0.2385,FALSE,FALSE,FALSE,TRUE,TRUE
128,"A_threshold",1600,2200,TRUE,TRUE,0.676,TRUE,TRUE,TRUE,FALSE,FALSE
129,"A_threshold",NA,NA,FALSE,FALSE,0.17325,FALSE,TRUE,TRUE,FALSE,FALSE
130,"A_threshold",1000,1600,TRUE,TRUE,0.316,FALSE,FALSE,FALSE,TRUE,TRUE
131,"A_threshold",NA,NA,FALSE,FALSE,0.2135,FALSE,TRUE,TRUE,FALSE,FALSE
132,"A_threshold",1000,1600,TRUE,TRUE,0.68875,TRUE,TRUE,TRUE,FALSE,FALSE
133,"A_threshold",3400,4000,TRUE,TRUE,0.62425,TRUE,TRUE,TRUE,FALSE,FALSE
134,"A_threshold",1000,1600,TRUE,TRUE,0.34825,FALSE,FALSE,FALSE,TRUE,TRUE
135,"A_threshold",1000,1600,TRUE,TRUE,0.61625,TRUE,TRUE,TRUE,FALSE,FALSE
136,"A_threshold",NA,NA,FALSE,FALSE,0.06575,FALSE,TRUE,TRUE,FALSE,FALSE
137,"A_threshold",4000,NA,TRUE,FALSE,0.52125,TRUE,TRUE,FALSE,FALSE,FALSE
138,"A_threshold",1000,1600,TRUE,TRUE,0.14525,FALSE,FALSE,FALSE,TRUE,TRUE
139,"A_threshold",NA,NA,FALSE,FALSE,0.2165,FALSE,TRUE,TRUE,FALSE,FALSE
140,"A_threshold",NA,NA,FALSE,FALSE,0.38125,FALSE,TRUE,TRUE,FALSE,FALSE
141,"A_threshold",1000,2800,TRUE,TRUE,0.53125,TRUE,TRUE,TRUE,FALSE,FALSE
142,"A_threshold",NA,NA,FALSE,FALSE,0,FALSE,TRUE,TRUE,FALSE,FALSE
143,"A_threshold",NA,NA,FALSE,FALSE,0.21275,FALSE,TRUE,TRUE,FALSE,FALSE
144,"A_threshold",1000,1600,TRUE,TRUE,0.539,TRUE,TRUE,TRUE,FALSE,FALSE
145,"A_threshold",NA,NA,FALSE,FALSE,0.1645,FALSE,TRUE,TRUE,FALSE,FALSE
146,"A_threshold",NA,NA,FALSE,FALSE,0.206,FALSE,TRUE,TRUE,FALSE,FALSE
147,"A_threshold",NA,NA,FALSE,FALSE,0.1625,FALSE,TRUE,TRUE,FALSE,FALSE
148,"A_threshold",1000,1600,TRUE,TRUE,0.80175,TRUE,TRUE,TRUE,FALSE,FALSE
149,"A_threshold",NA,NA,FALSE,FALSE,0.32325,FALSE,TRUE,TRUE,FALSE,FALSE
150,"A_threshold",NA,NA,FALSE,FALSE,0.023,FALSE,TRUE,TRUE,FALSE,FALSE
151,"A_threshold",NA,NA,FALSE,FALSE,0.07175,FALSE,TRUE,TRUE,FALSE,FALSE
152,"A_threshold",1600,2200,TRUE,TRUE,0.525,TRUE,TRUE,TRUE,FALSE,FALSE
153,"A_threshold",NA,NA,FALSE,FALSE,0.0565,FALSE,TRUE,TRUE,FALSE,FALSE
154,"A_threshold",1000,NA,TRUE,FALSE,0.42525,FALSE,FALSE,TRUE,TRUE,FALSE
155,"A_threshold",NA,NA,FALSE,FALSE,0.036,FALSE,TRUE,TRUE,FALSE,FALSE
156,"A_threshold",1000,NA,TRUE,FALSE,0.006,FALSE,FALSE,TRUE,TRUE,FALSE
157,"A_threshold",2800,NA,TRUE,FALSE,0.514,TRUE,TRUE,FALSE,FALSE,FALSE
158,"A_threshold",1000,4000,TRUE,TRUE,0.6375,TRUE,TRUE,TRUE,FALSE,FALSE
159,"A_threshold",1000,1600,TRUE,TRUE,0.298,FALSE,FALSE,FALSE,TRUE,TRUE
160,"A_threshold",NA,NA,FALSE,FALSE,0.21475,FALSE,TRUE,TRUE,FALSE,FALSE
161,"A_threshold",1000,NA,TRUE,FALSE,0.3015,FALSE,FALSE,TRUE,TRUE,FALSE
162,"A_threshold",NA,NA,FALSE,FALSE,0.25475,FALSE,TRUE,TRUE,FALSE,FALSE
163,"A_threshold",NA,NA,FALSE,FALSE,0.28275,FALSE,TRUE,TRUE,FALSE,FALSE
164,"A_threshold",NA,NA,FALSE,FALSE,0,FALSE,TRUE,TRUE,FALSE,FALSE
165,"A_threshold",3400,NA,TRUE,FALSE,0.4475,FALSE,FALSE,TRUE,TRUE,FALSE
166,"A_threshold",NA,NA,FALSE,FALSE,0.13,FALSE,TRUE,TRUE,FALSE,FALSE
167,"A_threshold",1000,1600,TRUE,TRUE,0.3965,FALSE,FALSE,FALSE,TRUE,TRUE
168,"A_threshold",NA,NA,FALSE,FALSE,0.31425,FALSE,TRUE,TRUE,FALSE,FALSE
169,"A_threshold",NA,NA,FALSE,FALSE,0.25575,FALSE,TRUE,TRUE,FALSE,FALSE
170,"A_threshold",1000,1600,TRUE,TRUE,0.515,TRUE,TRUE,TRUE,FALSE,FALSE
171,"A_threshold",1000,1600,TRUE,TRUE,0.4045,FALSE,FALSE,FALSE,TRUE,TRUE
172,"A_threshold",1000,NA,TRUE,FALSE,0.48075,FALSE,FALSE,TRUE,TRUE,FALSE
173,"A_threshold",NA,NA,FALSE,FALSE,0.00125,FALSE,TRUE,TRUE,FALSE,FALSE
174,"A_threshold",2200,4000,TRUE,TRUE,0.62325,TRUE,TRUE,TRUE,FALSE,FALSE
175,"A_threshold",1000,1600,TRUE,TRUE,0.307,FALSE,FALSE,FALSE,TRUE,TRUE
176,"A_threshold",1000,1600,TRUE,TRUE,0.7245,TRUE,TRUE,TRUE,FALSE,FALSE
177,"A_threshold",1600,2200,TRUE,TRUE,0.14225,FALSE,FALSE,FALSE,TRUE,TRUE
178,"A_threshold",NA,NA,FALSE,FALSE,0.09325,FALSE,TRUE,TRUE,FALSE,FALSE
179,"A_threshold",NA,NA,FALSE,FALSE,0,FALSE,TRUE,TRUE,FALSE,FALSE
180,"A_threshold",1000,NA,TRUE,FALSE,0.31,FALSE,FALSE,TRUE,TRUE,FALSE
181,"A_threshold",NA,NA,FALSE,FALSE,0.04025,FALSE,TRUE,TRUE,FALSE,FALSE
182,"A_threshold",NA,NA,FALSE,FALSE,0.16575,FALSE,TRUE,TRUE,FALSE,FALSE
183,"A_threshold",NA,NA,FALSE,FALSE,0.34325,FALSE,TRUE,TRUE,FALSE,FALSE
184,"A_threshold",1600,NA,TRUE,FALSE,0.0165,FALSE,FALSE,TRUE,TRUE,FALSE
185,"A_threshold",NA,NA,FALSE,FALSE,0,FALSE,TRUE,TRUE,FALSE,FALSE
186,"A_threshold",1000,NA,TRUE,FALSE,0.22975,FALSE,FALSE,TRUE,TRUE,FALSE
187,"A_threshold",1000,NA,TRUE,FALSE,0.06825,FALSE,FALSE,TRUE,TRUE,FALSE
188,"A_threshold",1000,1600,TRUE,TRUE,0.789,TRUE,TRUE,TRUE,FALSE,FALSE
189,"A_threshold",NA,NA,FALSE,FALSE,0.0255,FALSE,TRUE,TRUE,FALSE,FALSE
190,"A_threshold",2200,2800,TRUE,TRUE,0.31925,FALSE,FALSE,FALSE,TRUE,TRUE
191,"A_threshold",NA,NA,FALSE,FALSE,0.08125,FALSE,TRUE,TRUE,FALSE,FALSE
192,"A_threshold",1000,NA,TRUE,FALSE,0.00025,FALSE,FALSE,TRUE,TRUE,FALSE
193,"A_threshold",NA,NA,FALSE,FALSE,0.0305,FALSE,TRUE,TRUE,FALSE,FALSE
194,"A_threshold",NA,NA,FALSE,FALSE,0.065,FALSE,TRUE,TRUE,FALSE,FALSE
195,"A_threshold",1000,1600,TRUE,TRUE,0.69275,TRUE,TRUE,TRUE,FALSE,FALSE
196,"A_threshold",NA,NA,FALSE,FALSE,0,FALSE,TRUE,TRUE,FALSE,FALSE
197,"A_threshold",1000,1600,TRUE,TRUE,0.716,TRUE,TRUE,TRUE,FALSE,FALSE
198,"A_threshold",NA,NA,FALSE,FALSE,0.07325,FALSE,TRUE,TRUE,FALSE,FALSE
199,"A_threshold",1000,1600,TRUE,TRUE,0.306,FALSE,FALSE,FALSE,TRUE,TRUE
200,"A_threshold",NA,NA,FALSE,FALSE,0.0825,FALSE,TRUE,TRUE,FALSE,FALSE
201,"A_threshold",NA,NA,FALSE,FALSE,0.07225,FALSE,TRUE,TRUE,FALSE,FALSE
202,"A_threshold",1000,1600,TRUE,TRUE,0.9875,TRUE,TRUE,TRUE,FALSE,FALSE
203,"A_threshold",NA,NA,FALSE,FALSE,0.112,FALSE,TRUE,TRUE,FALSE,FALSE
204,"A_threshold",NA,NA,FALSE,FALSE,0,FALSE,TRUE,TRUE,FALSE,FALSE
205,"A_threshold",1000,NA,TRUE,FALSE,0.2825,FALSE,FALSE,TRUE,TRUE,FALSE
206,"A_threshold",NA,NA,FALSE,FALSE,0.13425,FALSE,TRUE,TRUE,FALSE,FALSE
207,"A_threshold",4000,NA,TRUE,FALSE,0.54925,TRUE,TRUE,FALSE,FALSE,FALSE
208,"A_threshold",NA,NA,FALSE,FALSE,0.0585,FALSE,TRUE,TRUE,FALSE,FALSE
209,"A_threshold",2200,NA,TRUE,FALSE,0.28525,FALSE,FALSE,TRUE,TRUE,FALSE
210,"A_threshold",1000,NA,TRUE,FALSE,0.18775,FALSE,FALSE,TRUE,TRUE,FALSE
211,"A_threshold",NA,NA,FALSE,FALSE,0.1275,FALSE,TRUE,TRUE,FALSE,FALSE
212,"A_threshold",NA,NA,FALSE,FALSE,0,FALSE,TRUE,TRUE,FALSE,FALSE
213,"A_threshold",1000,NA,TRUE,FALSE,0.3125,FALSE,FALSE,TRUE,TRUE,FALSE
214,"A_threshold",1000,NA,TRUE,FALSE,0.0265,FALSE,FALSE,TRUE,TRUE,FALSE
215,"A_threshold",1000,1600,TRUE,TRUE,0.753,TRUE,TRUE,TRUE,FALSE,FALSE
216,"A_threshold",1000,NA,TRUE,FALSE,0.36525,FALSE,FALSE,TRUE,TRUE,FALSE
217,"A_threshold",NA,NA,FALSE,FALSE,0,FALSE,TRUE,TRUE,FALSE,FALSE
218,"A_threshold",NA,NA,FALSE,FALSE,0.358,FALSE,TRUE,TRUE,FALSE,FALSE
219,"A_threshold",1000,NA,TRUE,FALSE,0.03,FALSE,FALSE,TRUE,TRUE,FALSE
220,"A_threshold",1000,1600,TRUE,TRUE,1,TRUE,TRUE,TRUE,FALSE,FALSE
221,"A_threshold",1000,1600,TRUE,TRUE,0.29875,FALSE,FALSE,FALSE,TRUE,TRUE
222,"A_threshold",NA,NA,FALSE,FALSE,0.1155,FALSE,TRUE,TRUE,FALSE,FALSE
223,"A_threshold",3400,4000,TRUE,TRUE,0.652,TRUE,TRUE,TRUE,FALSE,FALSE
224,"A_threshold",1000,2800,TRUE,TRUE,0,FALSE,FALSE,FALSE,TRUE,TRUE
225,"A_threshold",1000,1600,TRUE,TRUE,0.7245,TRUE,TRUE,TRUE,FALSE,FALSE
226,"A_threshold",1600,2200,TRUE,TRUE,0.34425,FALSE,FALSE,FALSE,TRUE,TRUE
227,"A_threshold",1000,1600,TRUE,TRUE,0.54725,TRUE,TRUE,TRUE,FALSE,FALSE
228,"A_threshold",NA,NA,FALSE,FALSE,0.4265,FALSE,TRUE,TRUE,FALSE,FALSE
229,"A_threshold",1000,1600,TRUE,TRUE,0.42825,FALSE,FALSE,FALSE,TRUE,TRUE
230,"A_threshold",NA,NA,FALSE,FALSE,0.0035,FALSE,TRUE,TRUE,FALSE,FALSE
231,"A_threshold",1600,2200,TRUE,TRUE,0.853,TRUE,TRUE,TRUE,FALSE,FALSE
232,"A_threshold",NA,NA,FALSE,FALSE,0.19375,FALSE,TRUE,TRUE,FALSE,FALSE
233,"A_threshold",NA,NA,FALSE,FALSE,0.086,FALSE,TRUE,TRUE,FALSE,FALSE
234,"A_threshold",1000,1600,TRUE,TRUE,0.06975,FALSE,FALSE,FALSE,TRUE,TRUE
235,"A_threshold",NA,NA,FALSE,FALSE,0.1905,FALSE,TRUE,TRUE,FALSE,FALSE
236,"A_threshold",2200,2800,TRUE,TRUE,0.89475,TRUE,TRUE,TRUE,FALSE,FALSE
237,"A_threshold",1000,1600,TRUE,TRUE,0.84675,TRUE,TRUE,TRUE,FALSE,FALSE
238,"A_threshold",NA,NA,FALSE,FALSE,0.12125,FALSE,TRUE,TRUE,FALSE,FALSE
239,"A_threshold",NA,NA,FALSE,FALSE,0.28925,FALSE,TRUE,TRUE,FALSE,FALSE
240,"A_threshold",NA,NA,FALSE,FALSE,0.387,FALSE,TRUE,TRUE,FALSE,FALSE
241,"A_threshold",NA,NA,FALSE,FALSE,0.2095,FALSE,TRUE,TRUE,FALSE,FALSE
242,"A_threshold",NA,NA,FALSE,FALSE,0.3545,FALSE,TRUE,TRUE,FALSE,FALSE
243,"A_threshold",NA,NA,FALSE,FALSE,0.30275,FALSE,TRUE,TRUE,FALSE,FALSE
244,"A_threshold",NA,NA,FALSE,FALSE,0.061,FALSE,TRUE,TRUE,FALSE,FALSE
245,"A_threshold",NA,NA,FALSE,FALSE,0.1455,FALSE,TRUE,TRUE,FALSE,FALSE
246,"A_threshold",1000,1600,TRUE,TRUE,0.71175,TRUE,TRUE,TRUE,FALSE,FALSE
247,"A_threshold",NA,NA,FALSE,FALSE,0.116,FALSE,TRUE,TRUE,FALSE,FALSE
248,"A_threshold",1000,NA,TRUE,FALSE,0.2665,FALSE,FALSE,TRUE,TRUE,FALSE
249,"A_threshold",3400,4000,TRUE,TRUE,0.695,TRUE,TRUE,TRUE,FALSE,FALSE
250,"A_threshold",1000,1600,TRUE,TRUE,0.659,TRUE,TRUE,TRUE,FALSE,FALSE
251,"A_threshold",NA,NA,FALSE,FALSE,0.016,FALSE,TRUE,TRUE,FALSE,FALSE
252,"A_threshold",NA,NA,FALSE,FALSE,0.2375,FALSE,TRUE,TRUE,FALSE,FALSE
253,"A_threshold",3400,4000,TRUE,TRUE,1,TRUE,TRUE,TRUE,FALSE,FALSE
254,"A_threshold",NA,NA,FALSE,FALSE,0.0785,FALSE,TRUE,TRUE,FALSE,FALSE
255,"A_threshold",1600,2200,TRUE,TRUE,0.4685,FALSE,FALSE,FALSE,TRUE,TRUE
256,"A_threshold",2200,2800,TRUE,TRUE,0.6815,TRUE,TRUE,TRUE,FALSE,FALSE
257,"A_threshold",1000,1600,TRUE,TRUE,0.2605,FALSE,FALSE,FALSE,TRUE,TRUE
258,"A_threshold",2800,NA,TRUE,FALSE,0.4505,FALSE,FALSE,TRUE,TRUE,FALSE
259,"A_threshold",4000,NA,TRUE,FALSE,0.52725,TRUE,TRUE,FALSE,FALSE,FALSE
260,"A_threshold",NA,NA,FALSE,FALSE,0.1165,FALSE,TRUE,TRUE,FALSE,FALSE
261,"A_threshold",1000,NA,TRUE,FALSE,0.174,FALSE,FALSE,TRUE,TRUE,FALSE
262,"A_threshold",1000,1600,TRUE,TRUE,1,TRUE,TRUE,TRUE,FALSE,FALSE
263,"A_threshold",1000,NA,TRUE,FALSE,0,FALSE,FALSE,TRUE,TRUE,FALSE
264,"A_threshold",NA,NA,FALSE,FALSE,0.31025,FALSE,TRUE,TRUE,FALSE,FALSE
265,"A_threshold",1000,1600,TRUE,TRUE,0.852,TRUE,TRUE,TRUE,FALSE,FALSE
266,"A_threshold",3400,4000,TRUE,TRUE,0.57075,TRUE,TRUE,TRUE,FALSE,FALSE
267,"A_threshold",NA,NA,FALSE,FALSE,0.39775,FALSE,TRUE,TRUE,FALSE,FALSE
268,"A_threshold",NA,NA,FALSE,FALSE,0.0105,FALSE,TRUE,TRUE,FALSE,FALSE
269,"A_threshold",1600,NA,TRUE,FALSE,0,FALSE,FALSE,TRUE,TRUE,FALSE
270,"A_threshold",1000,2800,TRUE,TRUE,0.409,FALSE,FALSE,FALSE,TRUE,TRUE
271,"A_threshold",2800,3400,TRUE,TRUE,0.529,TRUE,TRUE,TRUE,FALSE,FALSE
272,"A_threshold",NA,NA,FALSE,FALSE,0.26525,FALSE,TRUE,TRUE,FALSE,FALSE
273,"A_threshold",NA,NA,FALSE,FALSE,0,FALSE,TRUE,TRUE,FALSE,FALSE
274,"A_threshold",NA,NA,FALSE,FALSE,0.1555,FALSE,TRUE,TRUE,FALSE,FALSE
275,"A_threshold",NA,NA,FALSE,FALSE,0.349,FALSE,TRUE,TRUE,FALSE,FALSE
276,"A_threshold",NA,NA,FALSE,FALSE,0.39625,FALSE,TRUE,TRUE,FALSE,FALSE
277,"A_threshold",2200,2800,TRUE,TRUE,0.60775,TRUE,TRUE,TRUE,FALSE,FALSE
278,"A_threshold",1000,NA,TRUE,FALSE,0,FALSE,FALSE,TRUE,TRUE,FALSE
279,"A_threshold",1600,2200,TRUE,TRUE,0.49625,FALSE,FALSE,FALSE,TRUE,TRUE
280,"A_threshold",NA,NA,FALSE,FALSE,0,FALSE,TRUE,TRUE,FALSE,FALSE
281,"A_threshold",1000,NA,TRUE,FALSE,0,FALSE,FALSE,TRUE,TRUE,FALSE
282,"A_threshold",NA,NA,FALSE,FALSE,0,FALSE,TRUE,TRUE,FALSE,FALSE
283,"A_threshold",1000,2800,TRUE,TRUE,0.686,TRUE,TRUE,TRUE,FALSE,FALSE
284,"A_threshold",NA,NA,FALSE,FALSE,0.07525,FALSE,TRUE,TRUE,FALSE,FALSE
285,"A_threshold",NA,NA,FALSE,FALSE,0,FALSE,TRUE,TRUE,FALSE,FALSE
286,"A_threshold",NA,NA,FALSE,FALSE,0,FALSE,TRUE,TRUE,FALSE,FALSE
287,"A_threshold",NA,NA,FALSE,FALSE,0,FALSE,TRUE,TRUE,FALSE,FALSE
288,"A_threshold",NA,NA,FALSE,FALSE,0.2565,FALSE,TRUE,TRUE,FALSE,FALSE
289,"A_threshold",NA,NA,FALSE,FALSE,0.242,FALSE,TRUE,TRUE,FALSE,FALSE
290,"A_threshold",NA,NA,FALSE,FALSE,0,FALSE,TRUE,TRUE,FALSE,FALSE
291,"A_threshold",NA,NA,FALSE,FALSE,0.116,FALSE,TRUE,TRUE,FALSE,FALSE
292,"A_threshold",NA,NA,FALSE,FALSE,0.20225,FALSE,TRUE,TRUE,FALSE,FALSE
293,"A_threshold",1000,NA,TRUE,FALSE,0.447,FALSE,FALSE,TRUE,TRUE,FALSE
294,"A_threshold",NA,NA,FALSE,FALSE,0.091,FALSE,TRUE,TRUE,FALSE,FALSE
295,"A_threshold",NA,NA,FALSE,FALSE,0.01825,FALSE,TRUE,TRUE,FALSE,FALSE
296,"A_threshold",1600,2200,TRUE,TRUE,0.85975,TRUE,TRUE,TRUE,FALSE,FALSE
297,"A_threshold",2200,NA,TRUE,FALSE,0.42025,FALSE,FALSE,TRUE,TRUE,FALSE
298,"A_threshold",NA,NA,FALSE,FALSE,0.18375,FALSE,TRUE,TRUE,FALSE,FALSE
299,"A_threshold",NA,NA,FALSE,FALSE,0,FALSE,TRUE,TRUE,FALSE,FALSE
300,"A_threshold",3400,4000,TRUE,TRUE,0.86575,TRUE,TRUE,TRUE,FALSE,FALSE
301,"A_threshold",3400,NA,TRUE,FALSE,0.4465,FALSE,FALSE,TRUE,TRUE,FALSE
302,"A_threshold",1600,2200,TRUE,TRUE,0.31175,FALSE,FALSE,FALSE,TRUE,TRUE
303,"A_threshold",NA,NA,FALSE,FALSE,0.20125,FALSE,TRUE,TRUE,FALSE,FALSE
304,"A_threshold",NA,NA,FALSE,FALSE,0.0045,FALSE,TRUE,TRUE,FALSE,FALSE
305,"A_threshold",NA,NA,FALSE,FALSE,0.1425,FALSE,TRUE,TRUE,FALSE,FALSE
306,"A_threshold",1000,1600,TRUE,TRUE,0.36025,FALSE,FALSE,FALSE,TRUE,TRUE
307,"A_threshold",1600,NA,TRUE,FALSE,0.34225,FALSE,FALSE,TRUE,TRUE,FALSE
308,"A_threshold",2800,3400,TRUE,TRUE,0.693,TRUE,TRUE,TRUE,FALSE,FALSE
309,"A_threshold",2800,3400,TRUE,TRUE,0.37775,FALSE,FALSE,FALSE,TRUE,TRUE
310,"A_threshold",NA,NA,FALSE,FALSE,0,FALSE,TRUE,TRUE,FALSE,FALSE
311,"A_threshold",NA,NA,FALSE,FALSE,0.38275,FALSE,TRUE,TRUE,FALSE,FALSE
312,"A_threshold",NA,NA,FALSE,FALSE,0.0355,FALSE,TRUE,TRUE,FALSE,FALSE
313,"A_threshold",NA,NA,FALSE,FALSE,0,FALSE,TRUE,TRUE,FALSE,FALSE
314,"A_threshold",NA,NA,FALSE,FALSE,0.199,FALSE,TRUE,TRUE,FALSE,FALSE
315,"A_threshold",NA,NA,FALSE,FALSE,0.37025,FALSE,TRUE,TRUE,FALSE,FALSE
316,"A_threshold",1000,1600,TRUE,TRUE,0.41075,FALSE,FALSE,FALSE,TRUE,TRUE
317,"A_threshold",NA,NA,FALSE,FALSE,0.1795,FALSE,TRUE,TRUE,FALSE,FALSE
318,"A_threshold",NA,NA,FALSE,FALSE,0.34725,FALSE,TRUE,TRUE,FALSE,FALSE
319,"A_threshold",NA,NA,FALSE,FALSE,5e-04,FALSE,TRUE,TRUE,FALSE,FALSE
320,"A_threshold",1000,1600,TRUE,TRUE,0.96275,TRUE,TRUE,TRUE,FALSE,FALSE
321,"A_threshold",1000,NA,TRUE,FALSE,0.019,FALSE,FALSE,TRUE,TRUE,FALSE
322,"A_threshold",NA,NA,FALSE,FALSE,0.39475,FALSE,TRUE,TRUE,FALSE,FALSE
323,"A_threshold",NA,NA,FALSE,FALSE,0.33075,FALSE,TRUE,TRUE,FALSE,FALSE
324,"A_threshold",1600,2200,TRUE,TRUE,0.539,TRUE,TRUE,TRUE,FALSE,FALSE
325,"A_threshold",2800,NA,TRUE,FALSE,0,FALSE,FALSE,TRUE,TRUE,FALSE
326,"A_threshold",NA,NA,FALSE,FALSE,0.20475,FALSE,TRUE,TRUE,FALSE,FALSE
327,"A_threshold",2800,NA,TRUE,FALSE,0.213,FALSE,FALSE,TRUE,TRUE,FALSE
328,"A_threshold",2200,2800,TRUE,TRUE,0.2795,FALSE,FALSE,FALSE,TRUE,TRUE
329,"A_threshold",NA,NA,FALSE,FALSE,0.0215,FALSE,TRUE,TRUE,FALSE,FALSE
330,"A_threshold",NA,NA,FALSE,FALSE,0.179,FALSE,TRUE,TRUE,FALSE,FALSE
331,"A_threshold",1000,1600,TRUE,TRUE,0.5965,TRUE,TRUE,TRUE,FALSE,FALSE
332,"A_threshold",NA,NA,FALSE,FALSE,0.0395,FALSE,TRUE,TRUE,FALSE,FALSE
333,"A_threshold",1000,1600,TRUE,TRUE,0.001,FALSE,FALSE,FALSE,TRUE,TRUE
334,"A_threshold",NA,NA,FALSE,FALSE,0,FALSE,TRUE,TRUE,FALSE,FALSE
335,"A_threshold",NA,NA,FALSE,FALSE,0.28375,FALSE,TRUE,TRUE,FALSE,FALSE
336,"A_threshold",NA,NA,FALSE,FALSE,0.00025,FALSE,TRUE,TRUE,FALSE,FALSE
337,"A_threshold",1000,1600,TRUE,TRUE,0.46725,FALSE,FALSE,FALSE,TRUE,TRUE
338,"A_threshold",1000,NA,TRUE,FALSE,0.2025,FALSE,FALSE,TRUE,TRUE,FALSE
339,"A_threshold",1000,2800,TRUE,TRUE,0.63225,TRUE,TRUE,TRUE,FALSE,FALSE
340,"A_threshold",NA,NA,FALSE,FALSE,0,FALSE,TRUE,TRUE,FALSE,FALSE
341,"A_threshold",1000,NA,TRUE,FALSE,0.331,FALSE,FALSE,TRUE,TRUE,FALSE
342,"A_threshold",1000,1600,TRUE,TRUE,0.365,FALSE,FALSE,FALSE,TRUE,TRUE
343,"A_threshold",NA,NA,FALSE,FALSE,0.03125,FALSE,TRUE,TRUE,FALSE,FALSE
344,"A_threshold",2200,NA,TRUE,FALSE,0.232,FALSE,FALSE,TRUE,TRUE,FALSE
345,"A_threshold",NA,NA,FALSE,FALSE,0,FALSE,TRUE,TRUE,FALSE,FALSE
346,"A_threshold",NA,NA,FALSE,FALSE,0,FALSE,TRUE,TRUE,FALSE,FALSE
347,"A_threshold",1000,1600,TRUE,TRUE,0,FALSE,FALSE,FALSE,TRUE,TRUE
348,"A_threshold",1000,NA,TRUE,FALSE,0.3795,FALSE,FALSE,TRUE,TRUE,FALSE
349,"A_threshold",1000,1600,TRUE,TRUE,0.34125,FALSE,FALSE,FALSE,TRUE,TRUE
350,"A_threshold",1000,1600,TRUE,TRUE,0.94275,TRUE,TRUE,TRUE,FALSE,FALSE
351,"A_threshold",2200,2800,TRUE,TRUE,0.717,TRUE,TRUE,TRUE,FALSE,FALSE
352,"A_threshold",NA,NA,FALSE,FALSE,0.10325,FALSE,TRUE,TRUE,FALSE,FALSE
353,"A_threshold",1000,NA,TRUE,FALSE,0,FALSE,FALSE,TRUE,TRUE,FALSE
354,"A_threshold",NA,NA,FALSE,FALSE,0,FALSE,TRUE,TRUE,FALSE,FALSE
355,"A_threshold",1000,NA,TRUE,FALSE,0,FALSE,FALSE,TRUE,TRUE,FALSE
356,"A_threshold",1000,NA,TRUE,FALSE,0.362,FALSE,FALSE,TRUE,TRUE,FALSE
357,"A_threshold",1000,NA,TRUE,FALSE,0.03675,FALSE,FALSE,TRUE,TRUE,FALSE
358,"A_threshold",1000,1600,TRUE,TRUE,0.23725,FALSE,FALSE,FALSE,TRUE,TRUE
359,"A_threshold",NA,NA,FALSE,FALSE,0.00325,FALSE,TRUE,TRUE,FALSE,FALSE
360,"A_threshold",1000,1600,TRUE,TRUE,0.423,FALSE,FALSE,FALSE,TRUE,TRUE
361,"A_threshold",1000,1600,TRUE,TRUE,0.40575,FALSE,FALSE,FALSE,TRUE,TRUE
362,"A_threshold",1000,1600,TRUE,TRUE,0.3405,FALSE,FALSE,FALSE,TRUE,TRUE
363,"A_threshold",1600,2200,TRUE,TRUE,0.515,TRUE,TRUE,TRUE,FALSE,FALSE
364,"A_threshold",NA,NA,FALSE,FALSE,0.17075,FALSE,TRUE,TRUE,FALSE,FALSE
365,"A_threshold",NA,NA,FALSE,FALSE,0.26925,FALSE,TRUE,TRUE,FALSE,FALSE
366,"A_threshold",1000,2800,TRUE,TRUE,0.46225,FALSE,FALSE,FALSE,TRUE,TRUE
367,"A_threshold",1000,1600,TRUE,TRUE,0.36675,FALSE,FALSE,FALSE,TRUE,TRUE
368,"A_threshold",NA,NA,FALSE,FALSE,0.214,FALSE,TRUE,TRUE,FALSE,FALSE
369,"A_threshold",3400,NA,TRUE,FALSE,0.3605,FALSE,FALSE,TRUE,TRUE,FALSE
370,"A_threshold",NA,NA,FALSE,FALSE,0.18125,FALSE,TRUE,TRUE,FALSE,FALSE
371,"A_threshold",NA,NA,FALSE,FALSE,0.30025,FALSE,TRUE,TRUE,FALSE,FALSE
372,"A_threshold",2200,4000,TRUE,TRUE,0.54,TRUE,TRUE,TRUE,FALSE,FALSE
373,"A_threshold",NA,NA,FALSE,FALSE,0,FALSE,TRUE,TRUE,FALSE,FALSE
374,"A_threshold",1000,1600,TRUE,TRUE,0.29225,FALSE,FALSE,FALSE,TRUE,TRUE
375,"A_threshold",1600,2200,TRUE,TRUE,0.33325,FALSE,FALSE,FALSE,TRUE,TRUE
376,"A_threshold",NA,NA,FALSE,FALSE,0,FALSE,TRUE,TRUE,FALSE,FALSE
377,"A_threshold",NA,NA,FALSE,FALSE,0.0125,FALSE,TRUE,TRUE,FALSE,FALSE
378,"A_threshold",NA,NA,FALSE,FALSE,0.213,FALSE,TRUE,TRUE,FALSE,FALSE
379,"A_threshold",NA,NA,FALSE,FALSE,0.07,FALSE,TRUE,TRUE,FALSE,FALSE
380,"A_threshold",1600,2200,TRUE,TRUE,0.70425,TRUE,TRUE,TRUE,FALSE,FALSE
381,"A_threshold",1000,1600,TRUE,TRUE,0.121,FALSE,FALSE,FALSE,TRUE,TRUE
382,"A_threshold",1000,1600,TRUE,TRUE,0.306,FALSE,FALSE,FALSE,TRUE,TRUE
383,"A_threshold",NA,NA,FALSE,FALSE,0.01975,FALSE,TRUE,TRUE,FALSE,FALSE
384,"A_threshold",NA,NA,FALSE,FALSE,0.37475,FALSE,TRUE,TRUE,FALSE,FALSE
385,"A_threshold",NA,NA,FALSE,FALSE,0.16375,FALSE,TRUE,TRUE,FALSE,FALSE
386,"A_threshold",NA,NA,FALSE,FALSE,0.00225,FALSE,TRUE,TRUE,FALSE,FALSE
387,"A_threshold",1000,1600,TRUE,TRUE,0.58675,TRUE,TRUE,TRUE,FALSE,FALSE
388,"A_threshold",1000,NA,TRUE,FALSE,0.42175,FALSE,FALSE,TRUE,TRUE,FALSE
389,"A_threshold",1000,NA,TRUE,FALSE,0.39625,FALSE,FALSE,TRUE,TRUE,FALSE
390,"A_threshold",1000,1600,TRUE,TRUE,0.2465,FALSE,FALSE,FALSE,TRUE,TRUE
391,"A_threshold",NA,NA,FALSE,FALSE,0.315,FALSE,TRUE,TRUE,FALSE,FALSE
392,"A_threshold",1000,1600,TRUE,TRUE,0.555,TRUE,TRUE,TRUE,FALSE,FALSE
393,"A_threshold",NA,NA,FALSE,FALSE,0.18075,FALSE,TRUE,TRUE,FALSE,FALSE
394,"A_threshold",1600,2200,TRUE,TRUE,0.512,TRUE,TRUE,TRUE,FALSE,FALSE
395,"A_threshold",1000,1600,TRUE,TRUE,0.434,FALSE,FALSE,FALSE,TRUE,TRUE
396,"A_threshold",2800,NA,TRUE,FALSE,0.51375,TRUE,TRUE,FALSE,FALSE,FALSE
397,"A_threshold",1000,NA,TRUE,FALSE,0.112,FALSE,FALSE,TRUE,TRUE,FALSE
398,"A_threshold",NA,NA,FALSE,FALSE,0.0745,FALSE,TRUE,TRUE,FALSE,FALSE
399,"A_threshold",NA,NA,FALSE,FALSE,0.06875,FALSE,TRUE,TRUE,FALSE,FALSE
400,"A_threshold",NA,NA,FALSE,FALSE,0.0535,FALSE,TRUE,TRUE,FALSE,FALSE
401,"A_threshold",NA,NA,FALSE,FALSE,0.00125,FALSE,TRUE,TRUE,FALSE,FALSE
402,"A_threshold",1000,4000,TRUE,TRUE,0.6315,TRUE,TRUE,TRUE,FALSE,FALSE
403,"A_threshold",1600,NA,TRUE,FALSE,0.2925,FALSE,FALSE,TRUE,TRUE,FALSE
404,"A_threshold",1000,1600,TRUE,TRUE,0.01875,FALSE,FALSE,FALSE,TRUE,TRUE
405,"A_threshold",NA,NA,FALSE,FALSE,0.25075,FALSE,TRUE,TRUE,FALSE,FALSE
406,"A_threshold",NA,NA,FALSE,FALSE,0.225,FALSE,TRUE,TRUE,FALSE,FALSE
407,"A_threshold",1000,NA,TRUE,FALSE,0.0625,FALSE,FALSE,TRUE,TRUE,FALSE
408,"A_threshold",NA,NA,FALSE,FALSE,0,FALSE,TRUE,TRUE,FALSE,FALSE
409,"A_threshold",1600,NA,TRUE,FALSE,0.556,TRUE,TRUE,FALSE,FALSE,FALSE
410,"A_threshold",1000,1600,TRUE,TRUE,1,TRUE,TRUE,TRUE,FALSE,FALSE
411,"A_threshold",1600,NA,TRUE,FALSE,0.321,FALSE,FALSE,TRUE,TRUE,FALSE
412,"A_threshold",1000,1600,TRUE,TRUE,0.08025,FALSE,FALSE,FALSE,TRUE,TRUE
413,"A_threshold",1000,1600,TRUE,TRUE,0.632,TRUE,TRUE,TRUE,FALSE,FALSE
414,"A_threshold",2800,3400,TRUE,TRUE,0.6125,TRUE,TRUE,TRUE,FALSE,FALSE
415,"A_threshold",NA,NA,FALSE,FALSE,0.03475,FALSE,TRUE,TRUE,FALSE,FALSE
416,"A_threshold",NA,NA,FALSE,FALSE,0.47075,FALSE,TRUE,TRUE,FALSE,FALSE
417,"A_threshold",1000,1600,TRUE,TRUE,0.36375,FALSE,FALSE,FALSE,TRUE,TRUE
418,"A_threshold",4000,NA,TRUE,FALSE,0.501,TRUE,TRUE,FALSE,FALSE,FALSE
419,"A_threshold",NA,NA,FALSE,FALSE,0,FALSE,TRUE,TRUE,FALSE,FALSE
420,"A_threshold",NA,NA,FALSE,FALSE,0.08825,FALSE,TRUE,TRUE,FALSE,FALSE
421,"A_threshold",NA,NA,FALSE,FALSE,0.4735,FALSE,TRUE,TRUE,FALSE,FALSE
422,"A_threshold",NA,NA,FALSE,FALSE,0.1345,FALSE,TRUE,TRUE,FALSE,FALSE
423,"A_threshold",1000,NA,TRUE,FALSE,0.05425,FALSE,FALSE,TRUE,TRUE,FALSE
424,"A_threshold",NA,NA,FALSE,FALSE,0,FALSE,TRUE,TRUE,FALSE,FALSE
425,"A_threshold",NA,NA,FALSE,FALSE,0.23025,FALSE,TRUE,TRUE,FALSE,FALSE
426,"A_threshold",NA,NA,FALSE,FALSE,0.20775,FALSE,TRUE,TRUE,FALSE,FALSE
427,"A_threshold",NA,NA,FALSE,FALSE,0.35075,FALSE,TRUE,TRUE,FALSE,FALSE
428,"A_threshold",NA,NA,FALSE,FALSE,0.01525,FALSE,TRUE,TRUE,FALSE,FALSE
429,"A_threshold",1000,NA,TRUE,FALSE,0.23875,FALSE,FALSE,TRUE,TRUE,FALSE
430,"A_threshold",2800,3400,TRUE,TRUE,0.37925,FALSE,FALSE,FALSE,TRUE,TRUE
431,"A_threshold",NA,NA,FALSE,FALSE,0,FALSE,TRUE,TRUE,FALSE,FALSE
432,"A_threshold",4000,NA,TRUE,FALSE,0.7575,TRUE,TRUE,FALSE,FALSE,FALSE
433,"A_threshold",1000,1600,TRUE,TRUE,0.7235,TRUE,TRUE,TRUE,FALSE,FALSE
434,"A_threshold",NA,NA,FALSE,FALSE,0.369,FALSE,TRUE,TRUE,FALSE,FALSE
435,"A_threshold",NA,NA,FALSE,FALSE,0,FALSE,TRUE,TRUE,FALSE,FALSE
436,"A_threshold",2800,NA,TRUE,FALSE,0.28925,FALSE,FALSE,TRUE,TRUE,FALSE
437,"A_threshold",NA,NA,FALSE,FALSE,0.0235,FALSE,TRUE,TRUE,FALSE,FALSE
438,"A_threshold",NA,NA,FALSE,FALSE,0.31,FALSE,TRUE,TRUE,FALSE,FALSE
439,"A_threshold",2200,2800,TRUE,TRUE,0.4895,FALSE,FALSE,FALSE,TRUE,TRUE
440,"A_threshold",NA,NA,FALSE,FALSE,0,FALSE,TRUE,TRUE,FALSE,FALSE
441,"A_threshold",NA,NA,FALSE,FALSE,0.2425,FALSE,TRUE,TRUE,FALSE,FALSE
442,"A_threshold",1000,2800,TRUE,TRUE,0.8785,TRUE,TRUE,TRUE,FALSE,FALSE
443,"A_threshold",NA,NA,FALSE,FALSE,0,FALSE,TRUE,TRUE,FALSE,FALSE
444,"A_threshold",1600,2200,TRUE,TRUE,0.21025,FALSE,FALSE,FALSE,TRUE,TRUE
445,"A_threshold",NA,NA,FALSE,FALSE,0.29725,FALSE,TRUE,TRUE,FALSE,FALSE
446,"A_threshold",1000,1600,TRUE,TRUE,0.66875,TRUE,TRUE,TRUE,FALSE,FALSE
447,"A_threshold",1000,1600,TRUE,TRUE,0.752,TRUE,TRUE,TRUE,FALSE,FALSE
448,"A_threshold",NA,NA,FALSE,FALSE,0.0255,FALSE,TRUE,TRUE,FALSE,FALSE
449,"A_threshold",1000,1600,TRUE,TRUE,1,TRUE,TRUE,TRUE,FALSE,FALSE
450,"A_threshold",NA,NA,FALSE,FALSE,0.24125,FALSE,TRUE,TRUE,FALSE,FALSE
451,"A_threshold",NA,NA,FALSE,FALSE,0.057,FALSE,TRUE,TRUE,FALSE,FALSE
452,"A_threshold",NA,NA,FALSE,FALSE,0.10225,FALSE,TRUE,TRUE,FALSE,FALSE
453,"A_threshold",2200,NA,TRUE,FALSE,0.34525,FALSE,FALSE,TRUE,TRUE,FALSE
454,"A_threshold",NA,NA,FALSE,FALSE,0,FALSE,TRUE,TRUE,FALSE,FALSE
455,"A_threshold",1000,NA,TRUE,FALSE,0.47075,FALSE,FALSE,TRUE,TRUE,FALSE
456,"A_threshold",NA,NA,FALSE,FALSE,0,FALSE,TRUE,TRUE,FALSE,FALSE
457,"A_threshold",NA,NA,FALSE,FALSE,0.00575,FALSE,TRUE,TRUE,FALSE,FALSE
458,"A_threshold",1000,1600,TRUE,TRUE,0.68575,TRUE,TRUE,TRUE,FALSE,FALSE
459,"A_threshold",1600,NA,TRUE,FALSE,0.15125,FALSE,FALSE,TRUE,TRUE,FALSE
460,"A_threshold",NA,NA,FALSE,FALSE,0,FALSE,TRUE,TRUE,FALSE,FALSE
461,"A_threshold",NA,NA,FALSE,FALSE,0.00175,FALSE,TRUE,TRUE,FALSE,FALSE
462,"A_threshold",NA,NA,FALSE,FALSE,0.2115,FALSE,TRUE,TRUE,FALSE,FALSE
463,"A_threshold",NA,NA,FALSE,FALSE,0,FALSE,TRUE,TRUE,FALSE,FALSE
464,"A_threshold",NA,NA,FALSE,FALSE,0.05525,FALSE,TRUE,TRUE,FALSE,FALSE
465,"A_threshold",NA,NA,FALSE,FALSE,0.0225,FALSE,TRUE,TRUE,FALSE,FALSE
466,"A_threshold",NA,NA,FALSE,FALSE,0.27675,FALSE,TRUE,TRUE,FALSE,FALSE
467,"A_threshold",NA,NA,FALSE,FALSE,0.056,FALSE,TRUE,TRUE,FALSE,FALSE
468,"A_threshold",NA,NA,FALSE,FALSE,0.2365,FALSE,TRUE,TRUE,FALSE,FALSE
469,"A_threshold",NA,NA,FALSE,FALSE,0.00125,FALSE,TRUE,TRUE,FALSE,FALSE
470,"A_threshold",NA,NA,FALSE,FALSE,0.01075,FALSE,TRUE,TRUE,FALSE,FALSE
471,"A_threshold",NA,NA,FALSE,FALSE,0.0975,FALSE,TRUE,TRUE,FALSE,FALSE
472,"A_threshold",NA,NA,FALSE,FALSE,0.35975,FALSE,TRUE,TRUE,FALSE,FALSE
473,"A_threshold",NA,NA,FALSE,FALSE,0.19175,FALSE,TRUE,TRUE,FALSE,FALSE
474,"A_threshold",1000,1600,TRUE,TRUE,0.0185,FALSE,FALSE,FALSE,TRUE,TRUE
475,"A_threshold",2200,2800,TRUE,TRUE,0.3925,FALSE,FALSE,FALSE,TRUE,TRUE
476,"A_threshold",NA,NA,FALSE,FALSE,0.13675,FALSE,TRUE,TRUE,FALSE,FALSE
477,"A_threshold",NA,NA,FALSE,FALSE,0,FALSE,TRUE,TRUE,FALSE,FALSE
478,"A_threshold",2200,2800,TRUE,TRUE,0.46025,FALSE,FALSE,FALSE,TRUE,TRUE
479,"A_threshold",NA,NA,FALSE,FALSE,0.18125,FALSE,TRUE,TRUE,FALSE,FALSE
480,"A_threshold",NA,NA,FALSE,FALSE,0.30375,FALSE,TRUE,TRUE,FALSE,FALSE
481,"A_threshold",NA,NA,FALSE,FALSE,0.04525,FALSE,TRUE,TRUE,FALSE,FALSE
482,"A_threshold",1600,2200,TRUE,TRUE,0.557,TRUE,TRUE,TRUE,FALSE,FALSE
483,"A_threshold",NA,NA,FALSE,FALSE,0,FALSE,TRUE,TRUE,FALSE,FALSE
484,"A_threshold",NA,NA,FALSE,FALSE,0.02075,FALSE,TRUE,TRUE,FALSE,FALSE
485,"A_threshold",1000,1600,TRUE,TRUE,0.5205,TRUE,TRUE,TRUE,FALSE,FALSE
486,"A_threshold",1000,NA,TRUE,FALSE,0.298,FALSE,FALSE,TRUE,TRUE,FALSE
487,"A_threshold",1000,1600,TRUE,TRUE,0.515,TRUE,TRUE,TRUE,FALSE,FALSE
488,"A_threshold",NA,NA,FALSE,FALSE,0.08425,FALSE,TRUE,TRUE,FALSE,FALSE
489,"A_threshold",NA,NA,FALSE,FALSE,0.153,FALSE,TRUE,TRUE,FALSE,FALSE
490,"A_threshold",NA,NA,FALSE,FALSE,0.226,FALSE,TRUE,TRUE,FALSE,FALSE
491,"A_threshold",NA,NA,FALSE,FALSE,0.039,FALSE,TRUE,TRUE,FALSE,FALSE
492,"A_threshold",1000,1600,TRUE,TRUE,0.47625,FALSE,FALSE,FALSE,TRUE,TRUE
493,"A_threshold",1000,1600,TRUE,TRUE,0.60425,TRUE,TRUE,TRUE,FALSE,FALSE
494,"A_threshold",NA,NA,FALSE,FALSE,0.09925,FALSE,TRUE,TRUE,FALSE,FALSE
495,"A_threshold",1000,1600,TRUE,TRUE,0.00025,FALSE,FALSE,FALSE,TRUE,TRUE
496,"A_threshold",1600,3400,TRUE,TRUE,0.39875,FALSE,FALSE,FALSE,TRUE,TRUE
497,"A_threshold",1000,2800,TRUE,TRUE,0.0065,FALSE,FALSE,FALSE,TRUE,TRUE
498,"A_threshold",NA,NA,FALSE,FALSE,0.3575,FALSE,TRUE,TRUE,FALSE,FALSE
499,"A_threshold",NA,NA,FALSE,FALSE,0,FALSE,TRUE,TRUE,FALSE,FALSE
500,"A_threshold",1000,1600,TRUE,TRUE,0.1985,FALSE,FALSE,FALSE,TRUE,TRUE
1,"B_smooth_logistic",1000,1600,TRUE,TRUE,0.81,TRUE,TRUE,TRUE,FALSE,FALSE
2,"B_smooth_logistic",1000,1600,TRUE,TRUE,1,TRUE,TRUE,TRUE,FALSE,FALSE
3,"B_smooth_logistic",1000,1600,TRUE,TRUE,1,TRUE,TRUE,TRUE,FALSE,FALSE
4,"B_smooth_logistic",1000,1600,TRUE,TRUE,0.69475,TRUE,TRUE,TRUE,FALSE,FALSE
5,"B_smooth_logistic",1000,1600,TRUE,TRUE,0.84275,TRUE,TRUE,TRUE,FALSE,FALSE
6,"B_smooth_logistic",1000,1600,TRUE,TRUE,0.778,TRUE,TRUE,TRUE,FALSE,FALSE
7,"B_smooth_logistic",2800,3400,TRUE,TRUE,0.577,TRUE,TRUE,TRUE,FALSE,FALSE
8,"B_smooth_logistic",3400,4000,TRUE,TRUE,0.65175,TRUE,TRUE,TRUE,FALSE,FALSE
9,"B_smooth_logistic",1000,1600,TRUE,TRUE,0.92525,TRUE,TRUE,TRUE,FALSE,FALSE
10,"B_smooth_logistic",1000,1600,TRUE,TRUE,1,TRUE,TRUE,TRUE,FALSE,FALSE
11,"B_smooth_logistic",1000,1600,TRUE,TRUE,0.899,TRUE,TRUE,TRUE,FALSE,FALSE
12,"B_smooth_logistic",3400,4000,TRUE,TRUE,0.58125,TRUE,TRUE,TRUE,FALSE,FALSE
13,"B_smooth_logistic",1000,1600,TRUE,TRUE,0.8535,TRUE,TRUE,TRUE,FALSE,FALSE
14,"B_smooth_logistic",1000,1600,TRUE,TRUE,0.62675,TRUE,TRUE,TRUE,FALSE,FALSE
15,"B_smooth_logistic",1000,1600,TRUE,TRUE,0.944,TRUE,TRUE,TRUE,FALSE,FALSE
16,"B_smooth_logistic",1000,1600,TRUE,TRUE,1,TRUE,TRUE,TRUE,FALSE,FALSE
17,"B_smooth_logistic",1000,1600,TRUE,TRUE,0.737,TRUE,TRUE,TRUE,FALSE,FALSE
18,"B_smooth_logistic",1000,1600,TRUE,TRUE,0.8805,TRUE,TRUE,TRUE,FALSE,FALSE
19,"B_smooth_logistic",1600,2200,TRUE,TRUE,1,TRUE,TRUE,TRUE,FALSE,FALSE
20,"B_smooth_logistic",1000,1600,TRUE,TRUE,0.77025,TRUE,TRUE,TRUE,FALSE,FALSE
21,"B_smooth_logistic",1000,1600,TRUE,TRUE,1,TRUE,TRUE,TRUE,FALSE,FALSE
22,"B_smooth_logistic",1000,2800,TRUE,TRUE,0.74375,TRUE,TRUE,TRUE,FALSE,FALSE
23,"B_smooth_logistic",1000,4000,TRUE,TRUE,0.78775,TRUE,TRUE,TRUE,FALSE,FALSE
24,"B_smooth_logistic",1000,1600,TRUE,TRUE,1,TRUE,TRUE,TRUE,FALSE,FALSE
25,"B_smooth_logistic",1000,1600,TRUE,TRUE,1,TRUE,TRUE,TRUE,FALSE,FALSE
26,"B_smooth_logistic",1000,1600,TRUE,TRUE,1,TRUE,TRUE,TRUE,FALSE,FALSE
27,"B_smooth_logistic",1600,2200,TRUE,TRUE,1,TRUE,TRUE,TRUE,FALSE,FALSE
28,"B_smooth_logistic",1000,1600,TRUE,TRUE,1,TRUE,TRUE,TRUE,FALSE,FALSE
29,"B_smooth_logistic",1000,1600,TRUE,TRUE,1,TRUE,TRUE,TRUE,FALSE,FALSE
30,"B_smooth_logistic",1000,1600,TRUE,TRUE,0.843,TRUE,TRUE,TRUE,FALSE,FALSE
31,"B_smooth_logistic",1000,NA,TRUE,FALSE,0.4355,FALSE,FALSE,TRUE,TRUE,FALSE
32,"B_smooth_logistic",1000,1600,TRUE,TRUE,0.97175,TRUE,TRUE,TRUE,FALSE,FALSE
33,"B_smooth_logistic",1000,1600,TRUE,TRUE,0.7715,TRUE,TRUE,TRUE,FALSE,FALSE
34,"B_smooth_logistic",1000,1600,TRUE,TRUE,0.6465,TRUE,TRUE,TRUE,FALSE,FALSE
35,"B_smooth_logistic",1000,2800,TRUE,TRUE,0.5855,TRUE,TRUE,TRUE,FALSE,FALSE
36,"B_smooth_logistic",1000,1600,TRUE,TRUE,1,TRUE,TRUE,TRUE,FALSE,FALSE
37,"B_smooth_logistic",1000,1600,TRUE,TRUE,0.71675,TRUE,TRUE,TRUE,FALSE,FALSE
38,"B_smooth_logistic",1000,1600,TRUE,TRUE,1,TRUE,TRUE,TRUE,FALSE,FALSE
39,"B_smooth_logistic",1000,1600,TRUE,TRUE,0.64575,TRUE,TRUE,TRUE,FALSE,FALSE
40,"B_smooth_logistic",1000,1600,TRUE,TRUE,1,TRUE,TRUE,TRUE,FALSE,FALSE
41,"B_smooth_logistic",1000,1600,TRUE,TRUE,0.54725,TRUE,TRUE,TRUE,FALSE,FALSE
42,"B_smooth_logistic",1000,2800,TRUE,TRUE,0.634,TRUE,TRUE,TRUE,FALSE,FALSE
43,"B_smooth_logistic",1600,2200,TRUE,TRUE,0.8175,TRUE,TRUE,TRUE,FALSE,FALSE
44,"B_smooth_logistic",1000,1600,TRUE,TRUE,0.958,TRUE,TRUE,TRUE,FALSE,FALSE
45,"B_smooth_logistic",1000,1600,TRUE,TRUE,1,TRUE,TRUE,TRUE,FALSE,FALSE
46,"B_smooth_logistic",1000,1600,TRUE,TRUE,0.65275,TRUE,TRUE,TRUE,FALSE,FALSE
47,"B_smooth_logistic",1000,1600,TRUE,TRUE,0.78725,TRUE,TRUE,TRUE,FALSE,FALSE
48,"B_smooth_logistic",1000,1600,TRUE,TRUE,1,TRUE,TRUE,TRUE,FALSE,FALSE
49,"B_smooth_logistic",2200,2800,TRUE,TRUE,0.682,TRUE,TRUE,TRUE,FALSE,FALSE
50,"B_smooth_logistic",1000,1600,TRUE,TRUE,1,TRUE,TRUE,TRUE,FALSE,FALSE
51,"B_smooth_logistic",1600,2200,TRUE,TRUE,0.4945,FALSE,FALSE,FALSE,TRUE,TRUE
52,"B_smooth_logistic",1000,1600,TRUE,TRUE,1,TRUE,TRUE,TRUE,FALSE,FALSE
53,"B_smooth_logistic",1000,NA,TRUE,FALSE,0.47,FALSE,FALSE,TRUE,TRUE,FALSE
54,"B_smooth_logistic",1000,1600,TRUE,TRUE,0.67075,TRUE,TRUE,TRUE,FALSE,FALSE
55,"B_smooth_logistic",1600,2200,TRUE,TRUE,0.6225,TRUE,TRUE,TRUE,FALSE,FALSE
56,"B_smooth_logistic",1000,1600,TRUE,TRUE,0.84875,TRUE,TRUE,TRUE,FALSE,FALSE
57,"B_smooth_logistic",1000,1600,TRUE,TRUE,0.639,TRUE,TRUE,TRUE,FALSE,FALSE
58,"B_smooth_logistic",1000,1600,TRUE,TRUE,1,TRUE,TRUE,TRUE,FALSE,FALSE
59,"B_smooth_logistic",2800,3400,TRUE,TRUE,0.9945,TRUE,TRUE,TRUE,FALSE,FALSE
60,"B_smooth_logistic",1000,1600,TRUE,TRUE,1,TRUE,TRUE,TRUE,FALSE,FALSE
61,"B_smooth_logistic",1000,1600,TRUE,TRUE,0.89825,TRUE,TRUE,TRUE,FALSE,FALSE
62,"B_smooth_logistic",1600,2200,TRUE,TRUE,0.75225,TRUE,TRUE,TRUE,FALSE,FALSE
63,"B_smooth_logistic",1000,1600,TRUE,TRUE,0.87375,TRUE,TRUE,TRUE,FALSE,FALSE
64,"B_smooth_logistic",1000,1600,TRUE,TRUE,0.86425,TRUE,TRUE,TRUE,FALSE,FALSE
65,"B_smooth_logistic",1000,1600,TRUE,TRUE,0.74325,TRUE,TRUE,TRUE,FALSE,FALSE
66,"B_smooth_logistic",1000,NA,TRUE,FALSE,0.54025,TRUE,TRUE,FALSE,FALSE,FALSE
67,"B_smooth_logistic",1000,1600,TRUE,TRUE,0.892,TRUE,TRUE,TRUE,FALSE,FALSE
68,"B_smooth_logistic",1600,2200,TRUE,TRUE,1,TRUE,TRUE,TRUE,FALSE,FALSE
69,"B_smooth_logistic",1000,1600,TRUE,TRUE,0.60725,TRUE,TRUE,TRUE,FALSE,FALSE
70,"B_smooth_logistic",1000,1600,TRUE,TRUE,1,TRUE,TRUE,TRUE,FALSE,FALSE
71,"B_smooth_logistic",1600,2200,TRUE,TRUE,0.68325,TRUE,TRUE,TRUE,FALSE,FALSE
72,"B_smooth_logistic",1000,1600,TRUE,TRUE,0.7215,TRUE,TRUE,TRUE,FALSE,FALSE
73,"B_smooth_logistic",1000,1600,TRUE,TRUE,0.6375,TRUE,TRUE,TRUE,FALSE,FALSE
74,"B_smooth_logistic",1000,1600,TRUE,TRUE,0.89325,TRUE,TRUE,TRUE,FALSE,FALSE
75,"B_smooth_logistic",1600,2200,TRUE,TRUE,0.65475,TRUE,TRUE,TRUE,FALSE,FALSE
76,"B_smooth_logistic",2200,NA,TRUE,FALSE,0.55525,TRUE,TRUE,FALSE,FALSE,FALSE
77,"B_smooth_logistic",1000,1600,TRUE,TRUE,0.999,TRUE,TRUE,TRUE,FALSE,FALSE
78,"B_smooth_logistic",1000,1600,TRUE,TRUE,0.76225,TRUE,TRUE,TRUE,FALSE,FALSE
79,"B_smooth_logistic",1000,1600,TRUE,TRUE,1,TRUE,TRUE,TRUE,FALSE,FALSE
80,"B_smooth_logistic",1000,1600,TRUE,TRUE,0.7365,TRUE,TRUE,TRUE,FALSE,FALSE
81,"B_smooth_logistic",1000,1600,TRUE,TRUE,1,TRUE,TRUE,TRUE,FALSE,FALSE
82,"B_smooth_logistic",1000,1600,TRUE,TRUE,1,TRUE,TRUE,TRUE,FALSE,FALSE
83,"B_smooth_logistic",1600,2200,TRUE,TRUE,1,TRUE,TRUE,TRUE,FALSE,FALSE
84,"B_smooth_logistic",1000,1600,TRUE,TRUE,0.8885,TRUE,TRUE,TRUE,FALSE,FALSE
85,"B_smooth_logistic",1000,1600,TRUE,TRUE,0.92025,TRUE,TRUE,TRUE,FALSE,FALSE
86,"B_smooth_logistic",1000,1600,TRUE,TRUE,1,TRUE,TRUE,TRUE,FALSE,FALSE
87,"B_smooth_logistic",1000,1600,TRUE,TRUE,1,TRUE,TRUE,TRUE,FALSE,FALSE
88,"B_smooth_logistic",1600,2200,TRUE,TRUE,0.8095,TRUE,TRUE,TRUE,FALSE,FALSE
89,"B_smooth_logistic",1000,1600,TRUE,TRUE,1,TRUE,TRUE,TRUE,FALSE,FALSE
90,"B_smooth_logistic",1000,1600,TRUE,TRUE,0.83075,TRUE,TRUE,TRUE,FALSE,FALSE
91,"B_smooth_logistic",1000,1600,TRUE,TRUE,0.76025,TRUE,TRUE,TRUE,FALSE,FALSE
92,"B_smooth_logistic",1000,1600,TRUE,TRUE,1,TRUE,TRUE,TRUE,FALSE,FALSE
93,"B_smooth_logistic",1000,1600,TRUE,TRUE,0.88625,TRUE,TRUE,TRUE,FALSE,FALSE
94,"B_smooth_logistic",1000,1600,TRUE,TRUE,1,TRUE,TRUE,TRUE,FALSE,FALSE
95,"B_smooth_logistic",1000,1600,TRUE,TRUE,1,TRUE,TRUE,TRUE,FALSE,FALSE
96,"B_smooth_logistic",1000,1600,TRUE,TRUE,1,TRUE,TRUE,TRUE,FALSE,FALSE
97,"B_smooth_logistic",1000,1600,TRUE,TRUE,0.63125,TRUE,TRUE,TRUE,FALSE,FALSE
98,"B_smooth_logistic",1000,1600,TRUE,TRUE,0.93325,TRUE,TRUE,TRUE,FALSE,FALSE
99,"B_smooth_logistic",1000,1600,TRUE,TRUE,1,TRUE,TRUE,TRUE,FALSE,FALSE
100,"B_smooth_logistic",1000,1600,TRUE,TRUE,0.8995,TRUE,TRUE,TRUE,FALSE,FALSE
101,"B_smooth_logistic",1000,1600,TRUE,TRUE,1,TRUE,TRUE,TRUE,FALSE,FALSE
102,"B_smooth_logistic",1000,1600,TRUE,TRUE,0.84325,TRUE,TRUE,TRUE,FALSE,FALSE
103,"B_smooth_logistic",1000,1600,TRUE,TRUE,0.9575,TRUE,TRUE,TRUE,FALSE,FALSE
104,"B_smooth_logistic",1000,1600,TRUE,TRUE,0.85625,TRUE,TRUE,TRUE,FALSE,FALSE
105,"B_smooth_logistic",1000,1600,TRUE,TRUE,0.8635,TRUE,TRUE,TRUE,FALSE,FALSE
106,"B_smooth_logistic",1000,1600,TRUE,TRUE,0.74625,TRUE,TRUE,TRUE,FALSE,FALSE
107,"B_smooth_logistic",1000,1600,TRUE,TRUE,0.64475,TRUE,TRUE,TRUE,FALSE,FALSE
108,"B_smooth_logistic",1000,1600,TRUE,TRUE,1,TRUE,TRUE,TRUE,FALSE,FALSE
109,"B_smooth_logistic",1000,1600,TRUE,TRUE,1,TRUE,TRUE,TRUE,FALSE,FALSE
110,"B_smooth_logistic",1000,1600,TRUE,TRUE,0.67975,TRUE,TRUE,TRUE,FALSE,FALSE
111,"B_smooth_logistic",1000,1600,TRUE,TRUE,0.89025,TRUE,TRUE,TRUE,FALSE,FALSE
112,"B_smooth_logistic",1000,1600,TRUE,TRUE,0.72,TRUE,TRUE,TRUE,FALSE,FALSE
113,"B_smooth_logistic",1000,1600,TRUE,TRUE,1,TRUE,TRUE,TRUE,FALSE,FALSE
114,"B_smooth_logistic",1000,1600,TRUE,TRUE,1,TRUE,TRUE,TRUE,FALSE,FALSE
115,"B_smooth_logistic",1000,1600,TRUE,TRUE,0.79975,TRUE,TRUE,TRUE,FALSE,FALSE
116,"B_smooth_logistic",1000,1600,TRUE,TRUE,1,TRUE,TRUE,TRUE,FALSE,FALSE
117,"B_smooth_logistic",1000,1600,TRUE,TRUE,1,TRUE,TRUE,TRUE,FALSE,FALSE
118,"B_smooth_logistic",1000,1600,TRUE,TRUE,1,TRUE,TRUE,TRUE,FALSE,FALSE
119,"B_smooth_logistic",1000,1600,TRUE,TRUE,0.82625,TRUE,TRUE,TRUE,FALSE,FALSE
120,"B_smooth_logistic",1000,1600,TRUE,TRUE,0.6945,TRUE,TRUE,TRUE,FALSE,FALSE
121,"B_smooth_logistic",1000,1600,TRUE,TRUE,1,TRUE,TRUE,TRUE,FALSE,FALSE
122,"B_smooth_logistic",2800,3400,TRUE,TRUE,0.69125,TRUE,TRUE,TRUE,FALSE,FALSE
123,"B_smooth_logistic",1000,1600,TRUE,TRUE,0.6825,TRUE,TRUE,TRUE,FALSE,FALSE
124,"B_smooth_logistic",1000,1600,TRUE,TRUE,0.76675,TRUE,TRUE,TRUE,FALSE,FALSE
125,"B_smooth_logistic",1000,1600,TRUE,TRUE,0.71525,TRUE,TRUE,TRUE,FALSE,FALSE
126,"B_smooth_logistic",1000,1600,TRUE,TRUE,0.74675,TRUE,TRUE,TRUE,FALSE,FALSE
127,"B_smooth_logistic",1000,1600,TRUE,TRUE,0.87525,TRUE,TRUE,TRUE,FALSE,FALSE
128,"B_smooth_logistic",2200,2800,TRUE,TRUE,1,TRUE,TRUE,TRUE,FALSE,FALSE
129,"B_smooth_logistic",1000,1600,TRUE,TRUE,1,TRUE,TRUE,TRUE,FALSE,FALSE
130,"B_smooth_logistic",1000,1600,TRUE,TRUE,0.669,TRUE,TRUE,TRUE,FALSE,FALSE
131,"B_smooth_logistic",2200,2800,TRUE,TRUE,0.63475,TRUE,TRUE,TRUE,FALSE,FALSE
132,"B_smooth_logistic",1000,1600,TRUE,TRUE,1,TRUE,TRUE,TRUE,FALSE,FALSE
133,"B_smooth_logistic",1000,1600,TRUE,TRUE,0.60525,TRUE,TRUE,TRUE,FALSE,FALSE
134,"B_smooth_logistic",1000,1600,TRUE,TRUE,0.748,TRUE,TRUE,TRUE,FALSE,FALSE
135,"B_smooth_logistic",1000,1600,TRUE,TRUE,0.82525,TRUE,TRUE,TRUE,FALSE,FALSE
136,"B_smooth_logistic",1000,1600,TRUE,TRUE,0.868,TRUE,TRUE,TRUE,FALSE,FALSE
137,"B_smooth_logistic",1000,1600,TRUE,TRUE,0.899,TRUE,TRUE,TRUE,FALSE,FALSE
138,"B_smooth_logistic",1000,1600,TRUE,TRUE,1,TRUE,TRUE,TRUE,FALSE,FALSE
139,"B_smooth_logistic",1000,1600,TRUE,TRUE,0.79175,TRUE,TRUE,TRUE,FALSE,FALSE
140,"B_smooth_logistic",1000,1600,TRUE,TRUE,0.65175,TRUE,TRUE,TRUE,FALSE,FALSE
141,"B_smooth_logistic",1000,1600,TRUE,TRUE,1,TRUE,TRUE,TRUE,FALSE,FALSE
142,"B_smooth_logistic",1000,1600,TRUE,TRUE,0.85175,TRUE,TRUE,TRUE,FALSE,FALSE
143,"B_smooth_logistic",1000,1600,TRUE,TRUE,1,TRUE,TRUE,TRUE,FALSE,FALSE
144,"B_smooth_logistic",2200,2800,TRUE,TRUE,0.613,TRUE,TRUE,TRUE,FALSE,FALSE
145,"B_smooth_logistic",1000,1600,TRUE,TRUE,1,TRUE,TRUE,TRUE,FALSE,FALSE
146,"B_smooth_logistic",1000,1600,TRUE,TRUE,1,TRUE,TRUE,TRUE,FALSE,FALSE
147,"B_smooth_logistic",1000,1600,TRUE,TRUE,1,TRUE,TRUE,TRUE,FALSE,FALSE
148,"B_smooth_logistic",1000,1600,TRUE,TRUE,0.63175,TRUE,TRUE,TRUE,FALSE,FALSE
149,"B_smooth_logistic",1000,1600,TRUE,TRUE,0.683,TRUE,TRUE,TRUE,FALSE,FALSE
150,"B_smooth_logistic",1000,1600,TRUE,TRUE,0.99725,TRUE,TRUE,TRUE,FALSE,FALSE
151,"B_smooth_logistic",1000,1600,TRUE,TRUE,1,TRUE,TRUE,TRUE,FALSE,FALSE
152,"B_smooth_logistic",1000,1600,TRUE,TRUE,0.56375,TRUE,TRUE,TRUE,FALSE,FALSE
153,"B_smooth_logistic",1000,1600,TRUE,TRUE,0.80975,TRUE,TRUE,TRUE,FALSE,FALSE
154,"B_smooth_logistic",1600,2200,TRUE,TRUE,0.666,TRUE,TRUE,TRUE,FALSE,FALSE
155,"B_smooth_logistic",1600,2200,TRUE,TRUE,1,TRUE,TRUE,TRUE,FALSE,FALSE
156,"B_smooth_logistic",1000,1600,TRUE,TRUE,0.66475,TRUE,TRUE,TRUE,FALSE,FALSE
157,"B_smooth_logistic",1000,1600,TRUE,TRUE,0.7055,TRUE,TRUE,TRUE,FALSE,FALSE
158,"B_smooth_logistic",1000,1600,TRUE,TRUE,1,TRUE,TRUE,TRUE,FALSE,FALSE
159,"B_smooth_logistic",1000,1600,TRUE,TRUE,0.7215,TRUE,TRUE,TRUE,FALSE,FALSE
160,"B_smooth_logistic",1000,1600,TRUE,TRUE,0.86825,TRUE,TRUE,TRUE,FALSE,FALSE
161,"B_smooth_logistic",1000,1600,TRUE,TRUE,0.54325,TRUE,TRUE,TRUE,FALSE,FALSE
162,"B_smooth_logistic",1000,1600,TRUE,TRUE,1,TRUE,TRUE,TRUE,FALSE,FALSE
163,"B_smooth_logistic",1000,1600,TRUE,TRUE,1,TRUE,TRUE,TRUE,FALSE,FALSE
164,"B_smooth_logistic",2200,2800,TRUE,TRUE,0.69875,TRUE,TRUE,TRUE,FALSE,FALSE
165,"B_smooth_logistic",1000,1600,TRUE,TRUE,1,TRUE,TRUE,TRUE,FALSE,FALSE
166,"B_smooth_logistic",1000,1600,TRUE,TRUE,0.68725,TRUE,TRUE,TRUE,FALSE,FALSE
167,"B_smooth_logistic",1000,1600,TRUE,TRUE,0.951,TRUE,TRUE,TRUE,FALSE,FALSE
168,"B_smooth_logistic",1000,1600,TRUE,TRUE,1,TRUE,TRUE,TRUE,FALSE,FALSE
169,"B_smooth_logistic",1000,1600,TRUE,TRUE,1,TRUE,TRUE,TRUE,FALSE,FALSE
170,"B_smooth_logistic",1000,1600,TRUE,TRUE,0.76075,TRUE,TRUE,TRUE,FALSE,FALSE
171,"B_smooth_logistic",1000,1600,TRUE,TRUE,1,TRUE,TRUE,TRUE,FALSE,FALSE
172,"B_smooth_logistic",1600,3400,TRUE,TRUE,0.49675,FALSE,FALSE,FALSE,TRUE,TRUE
173,"B_smooth_logistic",1000,1600,TRUE,TRUE,1,TRUE,TRUE,TRUE,FALSE,FALSE
174,"B_smooth_logistic",1000,1600,TRUE,TRUE,0.859,TRUE,TRUE,TRUE,FALSE,FALSE
175,"B_smooth_logistic",1000,1600,TRUE,TRUE,0.74725,TRUE,TRUE,TRUE,FALSE,FALSE
176,"B_smooth_logistic",1000,1600,TRUE,TRUE,0.9445,TRUE,TRUE,TRUE,FALSE,FALSE
177,"B_smooth_logistic",1000,1600,TRUE,TRUE,0.58375,TRUE,TRUE,TRUE,FALSE,FALSE
178,"B_smooth_logistic",1000,1600,TRUE,TRUE,0.73925,TRUE,TRUE,TRUE,FALSE,FALSE
179,"B_smooth_logistic",1600,2200,TRUE,TRUE,0.66375,TRUE,TRUE,TRUE,FALSE,FALSE
180,"B_smooth_logistic",1000,1600,TRUE,TRUE,1,TRUE,TRUE,TRUE,FALSE,FALSE
181,"B_smooth_logistic",1000,1600,TRUE,TRUE,0.66325,TRUE,TRUE,TRUE,FALSE,FALSE
182,"B_smooth_logistic",1000,1600,TRUE,TRUE,1,TRUE,TRUE,TRUE,FALSE,FALSE
183,"B_smooth_logistic",1000,1600,TRUE,TRUE,0.839,TRUE,TRUE,TRUE,FALSE,FALSE
184,"B_smooth_logistic",1000,1600,TRUE,TRUE,1,TRUE,TRUE,TRUE,FALSE,FALSE
185,"B_smooth_logistic",1000,1600,TRUE,TRUE,1,TRUE,TRUE,TRUE,FALSE,FALSE
186,"B_smooth_logistic",1600,2200,TRUE,TRUE,0.531,TRUE,TRUE,TRUE,FALSE,FALSE
187,"B_smooth_logistic",1000,1600,TRUE,TRUE,1,TRUE,TRUE,TRUE,FALSE,FALSE
188,"B_smooth_logistic",1000,1600,TRUE,TRUE,1,TRUE,TRUE,TRUE,FALSE,FALSE
189,"B_smooth_logistic",1000,1600,TRUE,TRUE,0.65075,TRUE,TRUE,TRUE,FALSE,FALSE
190,"B_smooth_logistic",1600,2200,TRUE,TRUE,0.6245,TRUE,TRUE,TRUE,FALSE,FALSE
191,"B_smooth_logistic",1600,2200,TRUE,TRUE,0.79975,TRUE,TRUE,TRUE,FALSE,FALSE
192,"B_smooth_logistic",1000,1600,TRUE,TRUE,0.7825,TRUE,TRUE,TRUE,FALSE,FALSE
193,"B_smooth_logistic",1000,1600,TRUE,TRUE,1,TRUE,TRUE,TRUE,FALSE,FALSE
194,"B_smooth_logistic",1000,1600,TRUE,TRUE,1,TRUE,TRUE,TRUE,FALSE,FALSE
195,"B_smooth_logistic",1000,1600,TRUE,TRUE,1,TRUE,TRUE,TRUE,FALSE,FALSE
196,"B_smooth_logistic",2200,2800,TRUE,TRUE,0.9395,TRUE,TRUE,TRUE,FALSE,FALSE
197,"B_smooth_logistic",1000,1600,TRUE,TRUE,0.62425,TRUE,TRUE,TRUE,FALSE,FALSE
198,"B_smooth_logistic",1000,1600,TRUE,TRUE,1,TRUE,TRUE,TRUE,FALSE,FALSE
199,"B_smooth_logistic",1000,1600,TRUE,TRUE,1,TRUE,TRUE,TRUE,FALSE,FALSE
200,"B_smooth_logistic",1000,1600,TRUE,TRUE,1,TRUE,TRUE,TRUE,FALSE,FALSE
201,"B_smooth_logistic",1000,1600,TRUE,TRUE,0.98325,TRUE,TRUE,TRUE,FALSE,FALSE
202,"B_smooth_logistic",1000,2800,TRUE,TRUE,0.5815,TRUE,TRUE,TRUE,FALSE,FALSE
203,"B_smooth_logistic",1000,1600,TRUE,TRUE,0.64025,TRUE,TRUE,TRUE,FALSE,FALSE
204,"B_smooth_logistic",1000,1600,TRUE,TRUE,1,TRUE,TRUE,TRUE,FALSE,FALSE
205,"B_smooth_logistic",1000,1600,TRUE,TRUE,0.66425,TRUE,TRUE,TRUE,FALSE,FALSE
206,"B_smooth_logistic",1000,1600,TRUE,TRUE,0.6095,TRUE,TRUE,TRUE,FALSE,FALSE
207,"B_smooth_logistic",1000,1600,TRUE,TRUE,0.68225,TRUE,TRUE,TRUE,FALSE,FALSE
208,"B_smooth_logistic",3400,4000,TRUE,TRUE,0.65075,TRUE,TRUE,TRUE,FALSE,FALSE
209,"B_smooth_logistic",1600,2200,TRUE,TRUE,0.73625,TRUE,TRUE,TRUE,FALSE,FALSE
210,"B_smooth_logistic",1000,1600,TRUE,TRUE,1,TRUE,TRUE,TRUE,FALSE,FALSE
211,"B_smooth_logistic",1000,1600,TRUE,TRUE,1,TRUE,TRUE,TRUE,FALSE,FALSE
212,"B_smooth_logistic",1000,1600,TRUE,TRUE,0.68225,TRUE,TRUE,TRUE,FALSE,FALSE
213,"B_smooth_logistic",1600,2200,TRUE,TRUE,1,TRUE,TRUE,TRUE,FALSE,FALSE
214,"B_smooth_logistic",1600,2200,TRUE,TRUE,0.77575,TRUE,TRUE,TRUE,FALSE,FALSE
215,"B_smooth_logistic",1000,1600,TRUE,TRUE,0.924,TRUE,TRUE,TRUE,FALSE,FALSE
216,"B_smooth_logistic",1000,1600,TRUE,TRUE,1,TRUE,TRUE,TRUE,FALSE,FALSE
217,"B_smooth_logistic",1000,1600,TRUE,TRUE,0.76275,TRUE,TRUE,TRUE,FALSE,FALSE
218,"B_smooth_logistic",1600,2200,TRUE,TRUE,0.7575,TRUE,TRUE,TRUE,FALSE,FALSE
219,"B_smooth_logistic",1600,2200,TRUE,TRUE,0.81075,TRUE,TRUE,TRUE,FALSE,FALSE
220,"B_smooth_logistic",1000,1600,TRUE,TRUE,0.82425,TRUE,TRUE,TRUE,FALSE,FALSE
221,"B_smooth_logistic",1000,1600,TRUE,TRUE,1,TRUE,TRUE,TRUE,FALSE,FALSE
222,"B_smooth_logistic",2800,3400,TRUE,TRUE,0.73075,TRUE,TRUE,TRUE,FALSE,FALSE
223,"B_smooth_logistic",2200,2800,TRUE,TRUE,0.67375,TRUE,TRUE,TRUE,FALSE,FALSE
224,"B_smooth_logistic",1000,1600,TRUE,TRUE,1,TRUE,TRUE,TRUE,FALSE,FALSE
225,"B_smooth_logistic",2200,2800,TRUE,TRUE,0.7975,TRUE,TRUE,TRUE,FALSE,FALSE
226,"B_smooth_logistic",1000,1600,TRUE,TRUE,0.5995,TRUE,TRUE,TRUE,FALSE,FALSE
227,"B_smooth_logistic",1000,1600,TRUE,TRUE,1,TRUE,TRUE,TRUE,FALSE,FALSE
228,"B_smooth_logistic",1000,1600,TRUE,TRUE,0.86375,TRUE,TRUE,TRUE,FALSE,FALSE
229,"B_smooth_logistic",1000,1600,TRUE,TRUE,0.8945,TRUE,TRUE,TRUE,FALSE,FALSE
230,"B_smooth_logistic",1600,2200,TRUE,TRUE,0.959,TRUE,TRUE,TRUE,FALSE,FALSE
231,"B_smooth_logistic",1000,1600,TRUE,TRUE,0.75175,TRUE,TRUE,TRUE,FALSE,FALSE
232,"B_smooth_logistic",1000,2800,TRUE,TRUE,0.794,TRUE,TRUE,TRUE,FALSE,FALSE
233,"B_smooth_logistic",1600,2200,TRUE,TRUE,0.8425,TRUE,TRUE,TRUE,FALSE,FALSE
234,"B_smooth_logistic",1000,1600,TRUE,TRUE,0.61825,TRUE,TRUE,TRUE,FALSE,FALSE
235,"B_smooth_logistic",1000,1600,TRUE,TRUE,1,TRUE,TRUE,TRUE,FALSE,FALSE
236,"B_smooth_logistic",1000,1600,TRUE,TRUE,0.88375,TRUE,TRUE,TRUE,FALSE,FALSE
237,"B_smooth_logistic",1000,1600,TRUE,TRUE,1,TRUE,TRUE,TRUE,FALSE,FALSE
238,"B_smooth_logistic",1000,1600,TRUE,TRUE,1,TRUE,TRUE,TRUE,FALSE,FALSE
239,"B_smooth_logistic",1000,1600,TRUE,TRUE,0.54425,TRUE,TRUE,TRUE,FALSE,FALSE
240,"B_smooth_logistic",1000,1600,TRUE,TRUE,0.89875,TRUE,TRUE,TRUE,FALSE,FALSE
241,"B_smooth_logistic",1600,2200,TRUE,TRUE,0.74775,TRUE,TRUE,TRUE,FALSE,FALSE
242,"B_smooth_logistic",1000,NA,TRUE,FALSE,0.46525,FALSE,FALSE,TRUE,TRUE,FALSE
243,"B_smooth_logistic",1000,1600,TRUE,TRUE,0.63925,TRUE,TRUE,TRUE,FALSE,FALSE
244,"B_smooth_logistic",1000,1600,TRUE,TRUE,1,TRUE,TRUE,TRUE,FALSE,FALSE
245,"B_smooth_logistic",2200,2800,TRUE,TRUE,0.72275,TRUE,TRUE,TRUE,FALSE,FALSE
246,"B_smooth_logistic",1000,1600,TRUE,TRUE,0.75025,TRUE,TRUE,TRUE,FALSE,FALSE
247,"B_smooth_logistic",1000,1600,TRUE,TRUE,0.912,TRUE,TRUE,TRUE,FALSE,FALSE
248,"B_smooth_logistic",1000,1600,TRUE,TRUE,1,TRUE,TRUE,TRUE,FALSE,FALSE
249,"B_smooth_logistic",1000,1600,TRUE,TRUE,0.71425,TRUE,TRUE,TRUE,FALSE,FALSE
250,"B_smooth_logistic",1600,2200,TRUE,TRUE,0.9195,TRUE,TRUE,TRUE,FALSE,FALSE
251,"B_smooth_logistic",1000,1600,TRUE,TRUE,1,TRUE,TRUE,TRUE,FALSE,FALSE
252,"B_smooth_logistic",1000,1600,TRUE,TRUE,0.701,TRUE,TRUE,TRUE,FALSE,FALSE
253,"B_smooth_logistic",1000,1600,TRUE,TRUE,0.80725,TRUE,TRUE,TRUE,FALSE,FALSE
254,"B_smooth_logistic",1000,1600,TRUE,TRUE,0.765,TRUE,TRUE,TRUE,FALSE,FALSE
255,"B_smooth_logistic",1000,1600,TRUE,TRUE,0.64525,TRUE,TRUE,TRUE,FALSE,FALSE
256,"B_smooth_logistic",1000,1600,TRUE,TRUE,1,TRUE,TRUE,TRUE,FALSE,FALSE
257,"B_smooth_logistic",1600,2200,TRUE,TRUE,1,TRUE,TRUE,TRUE,FALSE,FALSE
258,"B_smooth_logistic",1000,1600,TRUE,TRUE,1,TRUE,TRUE,TRUE,FALSE,FALSE
259,"B_smooth_logistic",1600,2200,TRUE,TRUE,1,TRUE,TRUE,TRUE,FALSE,FALSE
260,"B_smooth_logistic",1000,1600,TRUE,TRUE,0.85425,TRUE,TRUE,TRUE,FALSE,FALSE
261,"B_smooth_logistic",1000,1600,TRUE,TRUE,1,TRUE,TRUE,TRUE,FALSE,FALSE
262,"B_smooth_logistic",2200,2800,TRUE,TRUE,0.87175,TRUE,TRUE,TRUE,FALSE,FALSE
263,"B_smooth_logistic",NA,NA,FALSE,FALSE,0,FALSE,TRUE,TRUE,FALSE,FALSE
264,"B_smooth_logistic",1000,1600,TRUE,TRUE,0.63775,TRUE,TRUE,TRUE,FALSE,FALSE
265,"B_smooth_logistic",1000,1600,TRUE,TRUE,0.73025,TRUE,TRUE,TRUE,FALSE,FALSE
266,"B_smooth_logistic",1000,1600,TRUE,TRUE,0.505,TRUE,TRUE,TRUE,FALSE,FALSE
267,"B_smooth_logistic",1000,1600,TRUE,TRUE,0.76675,TRUE,TRUE,TRUE,FALSE,FALSE
268,"B_smooth_logistic",1600,2200,TRUE,TRUE,0.55475,TRUE,TRUE,TRUE,FALSE,FALSE
269,"B_smooth_logistic",2200,2800,TRUE,TRUE,0.736,TRUE,TRUE,TRUE,FALSE,FALSE
270,"B_smooth_logistic",1000,1600,TRUE,TRUE,1,TRUE,TRUE,TRUE,FALSE,FALSE
271,"B_smooth_logistic",1000,1600,TRUE,TRUE,0.455,FALSE,FALSE,FALSE,TRUE,TRUE
272,"B_smooth_logistic",1000,1600,TRUE,TRUE,1,TRUE,TRUE,TRUE,FALSE,FALSE
273,"B_smooth_logistic",1000,1600,TRUE,TRUE,1,TRUE,TRUE,TRUE,FALSE,FALSE
274,"B_smooth_logistic",1000,1600,TRUE,TRUE,0.47425,FALSE,FALSE,FALSE,TRUE,TRUE
275,"B_smooth_logistic",4000,NA,TRUE,FALSE,0.5465,TRUE,TRUE,FALSE,FALSE,FALSE
276,"B_smooth_logistic",1000,1600,TRUE,TRUE,0.979,TRUE,TRUE,TRUE,FALSE,FALSE
277,"B_smooth_logistic",1000,1600,TRUE,TRUE,0.573,TRUE,TRUE,TRUE,FALSE,FALSE
278,"B_smooth_logistic",1000,1600,TRUE,TRUE,0.8265,TRUE,TRUE,TRUE,FALSE,FALSE
279,"B_smooth_logistic",1000,1600,TRUE,TRUE,0.67575,TRUE,TRUE,TRUE,FALSE,FALSE
280,"B_smooth_logistic",1000,1600,TRUE,TRUE,1,TRUE,TRUE,TRUE,FALSE,FALSE
281,"B_smooth_logistic",1000,1600,TRUE,TRUE,0.73925,TRUE,TRUE,TRUE,FALSE,FALSE
282,"B_smooth_logistic",1000,1600,TRUE,TRUE,0.984,TRUE,TRUE,TRUE,FALSE,FALSE
283,"B_smooth_logistic",1000,1600,TRUE,TRUE,0.4935,FALSE,FALSE,FALSE,TRUE,TRUE
284,"B_smooth_logistic",1000,1600,TRUE,TRUE,0.757,TRUE,TRUE,TRUE,FALSE,FALSE
285,"B_smooth_logistic",1000,1600,TRUE,TRUE,1,TRUE,TRUE,TRUE,FALSE,FALSE
286,"B_smooth_logistic",1000,1600,TRUE,TRUE,0.86875,TRUE,TRUE,TRUE,FALSE,FALSE
287,"B_smooth_logistic",1000,1600,TRUE,TRUE,0.677,TRUE,TRUE,TRUE,FALSE,FALSE
288,"B_smooth_logistic",1000,1600,TRUE,TRUE,1,TRUE,TRUE,TRUE,FALSE,FALSE
289,"B_smooth_logistic",1000,1600,TRUE,TRUE,0.88725,TRUE,TRUE,TRUE,FALSE,FALSE
290,"B_smooth_logistic",1600,2200,TRUE,TRUE,1,TRUE,TRUE,TRUE,FALSE,FALSE
291,"B_smooth_logistic",1000,1600,TRUE,TRUE,0.79375,TRUE,TRUE,TRUE,FALSE,FALSE
292,"B_smooth_logistic",1000,1600,TRUE,TRUE,0.799,TRUE,TRUE,TRUE,FALSE,FALSE
293,"B_smooth_logistic",1000,1600,TRUE,TRUE,0.67875,TRUE,TRUE,TRUE,FALSE,FALSE
294,"B_smooth_logistic",1000,1600,TRUE,TRUE,1,TRUE,TRUE,TRUE,FALSE,FALSE
295,"B_smooth_logistic",1000,1600,TRUE,TRUE,0.632,TRUE,TRUE,TRUE,FALSE,FALSE
296,"B_smooth_logistic",1000,1600,TRUE,TRUE,0.69825,TRUE,TRUE,TRUE,FALSE,FALSE
297,"B_smooth_logistic",1000,1600,TRUE,TRUE,0.78125,TRUE,TRUE,TRUE,FALSE,FALSE
298,"B_smooth_logistic",1000,1600,TRUE,TRUE,0.88175,TRUE,TRUE,TRUE,FALSE,FALSE
299,"B_smooth_logistic",1000,1600,TRUE,TRUE,1,TRUE,TRUE,TRUE,FALSE,FALSE
300,"B_smooth_logistic",1000,1600,TRUE,TRUE,0.768,TRUE,TRUE,TRUE,FALSE,FALSE
301,"B_smooth_logistic",1000,1600,TRUE,TRUE,0.7265,TRUE,TRUE,TRUE,FALSE,FALSE
302,"B_smooth_logistic",1000,1600,TRUE,TRUE,0.9535,TRUE,TRUE,TRUE,FALSE,FALSE
303,"B_smooth_logistic",1000,1600,TRUE,TRUE,0.72875,TRUE,TRUE,TRUE,FALSE,FALSE
304,"B_smooth_logistic",1000,1600,TRUE,TRUE,1,TRUE,TRUE,TRUE,FALSE,FALSE
305,"B_smooth_logistic",1000,1600,TRUE,TRUE,0.9715,TRUE,TRUE,TRUE,FALSE,FALSE
306,"B_smooth_logistic",1600,2200,TRUE,TRUE,0.7215,TRUE,TRUE,TRUE,FALSE,FALSE
307,"B_smooth_logistic",1000,1600,TRUE,TRUE,0.731,TRUE,TRUE,TRUE,FALSE,FALSE
308,"B_smooth_logistic",1000,1600,TRUE,TRUE,0.70025,TRUE,TRUE,TRUE,FALSE,FALSE
309,"B_smooth_logistic",1000,1600,TRUE,TRUE,1,TRUE,TRUE,TRUE,FALSE,FALSE
310,"B_smooth_logistic",1000,1600,TRUE,TRUE,1,TRUE,TRUE,TRUE,FALSE,FALSE
311,"B_smooth_logistic",1600,2200,TRUE,TRUE,0.64625,TRUE,TRUE,TRUE,FALSE,FALSE
312,"B_smooth_logistic",1000,1600,TRUE,TRUE,0.76775,TRUE,TRUE,TRUE,FALSE,FALSE
313,"B_smooth_logistic",1000,1600,TRUE,TRUE,0.67975,TRUE,TRUE,TRUE,FALSE,FALSE
314,"B_smooth_logistic",1000,1600,TRUE,TRUE,1,TRUE,TRUE,TRUE,FALSE,FALSE
315,"B_smooth_logistic",1000,1600,TRUE,TRUE,1,TRUE,TRUE,TRUE,FALSE,FALSE
316,"B_smooth_logistic",1000,1600,TRUE,TRUE,0.9975,TRUE,TRUE,TRUE,FALSE,FALSE
317,"B_smooth_logistic",1600,2200,TRUE,TRUE,1,TRUE,TRUE,TRUE,FALSE,FALSE
318,"B_smooth_logistic",1000,1600,TRUE,TRUE,1,TRUE,TRUE,TRUE,FALSE,FALSE
319,"B_smooth_logistic",1000,1600,TRUE,TRUE,0.9655,TRUE,TRUE,TRUE,FALSE,FALSE
320,"B_smooth_logistic",1000,1600,TRUE,TRUE,0.97525,TRUE,TRUE,TRUE,FALSE,FALSE
321,"B_smooth_logistic",1000,1600,TRUE,TRUE,0.91525,TRUE,TRUE,TRUE,FALSE,FALSE
322,"B_smooth_logistic",1000,1600,TRUE,TRUE,0.85225,TRUE,TRUE,TRUE,FALSE,FALSE
323,"B_smooth_logistic",1000,1600,TRUE,TRUE,0.71425,TRUE,TRUE,TRUE,FALSE,FALSE
324,"B_smooth_logistic",1000,1600,TRUE,TRUE,0.74525,TRUE,TRUE,TRUE,FALSE,FALSE
325,"B_smooth_logistic",1000,1600,TRUE,TRUE,0.8465,TRUE,TRUE,TRUE,FALSE,FALSE
326,"B_smooth_logistic",1000,1600,TRUE,TRUE,0.6545,TRUE,TRUE,TRUE,FALSE,FALSE
327,"B_smooth_logistic",1000,2800,TRUE,TRUE,0.73325,TRUE,TRUE,TRUE,FALSE,FALSE
328,"B_smooth_logistic",1000,2800,TRUE,TRUE,0.668,TRUE,TRUE,TRUE,FALSE,FALSE
329,"B_smooth_logistic",1000,1600,TRUE,TRUE,0.647,TRUE,TRUE,TRUE,FALSE,FALSE
330,"B_smooth_logistic",1000,1600,TRUE,TRUE,1,TRUE,TRUE,TRUE,FALSE,FALSE
331,"B_smooth_logistic",1000,1600,TRUE,TRUE,1,TRUE,TRUE,TRUE,FALSE,FALSE
332,"B_smooth_logistic",1000,1600,TRUE,TRUE,1,TRUE,TRUE,TRUE,FALSE,FALSE
333,"B_smooth_logistic",1000,1600,TRUE,TRUE,0.742,TRUE,TRUE,TRUE,FALSE,FALSE
334,"B_smooth_logistic",1000,1600,TRUE,TRUE,0.95175,TRUE,TRUE,TRUE,FALSE,FALSE
335,"B_smooth_logistic",1000,1600,TRUE,TRUE,0.69425,TRUE,TRUE,TRUE,FALSE,FALSE
336,"B_smooth_logistic",1000,1600,TRUE,TRUE,0.66,TRUE,TRUE,TRUE,FALSE,FALSE
337,"B_smooth_logistic",1000,1600,TRUE,TRUE,1,TRUE,TRUE,TRUE,FALSE,FALSE
338,"B_smooth_logistic",1600,2200,TRUE,TRUE,0.7795,TRUE,TRUE,TRUE,FALSE,FALSE
339,"B_smooth_logistic",2200,2800,TRUE,TRUE,1,TRUE,TRUE,TRUE,FALSE,FALSE
340,"B_smooth_logistic",1000,1600,TRUE,TRUE,0.7105,TRUE,TRUE,TRUE,FALSE,FALSE
341,"B_smooth_logistic",1000,1600,TRUE,TRUE,1,TRUE,TRUE,TRUE,FALSE,FALSE
342,"B_smooth_logistic",1000,1600,TRUE,TRUE,0.72525,TRUE,TRUE,TRUE,FALSE,FALSE
343,"B_smooth_logistic",1000,1600,TRUE,TRUE,1,TRUE,TRUE,TRUE,FALSE,FALSE
344,"B_smooth_logistic",1000,1600,TRUE,TRUE,1,TRUE,TRUE,TRUE,FALSE,FALSE
345,"B_smooth_logistic",1000,1600,TRUE,TRUE,0.655,TRUE,TRUE,TRUE,FALSE,FALSE
346,"B_smooth_logistic",1000,1600,TRUE,TRUE,0.8135,TRUE,TRUE,TRUE,FALSE,FALSE
347,"B_smooth_logistic",1000,1600,TRUE,TRUE,0.66075,TRUE,TRUE,TRUE,FALSE,FALSE
348,"B_smooth_logistic",1000,1600,TRUE,TRUE,1,TRUE,TRUE,TRUE,FALSE,FALSE
349,"B_smooth_logistic",1000,1600,TRUE,TRUE,0.79975,TRUE,TRUE,TRUE,FALSE,FALSE
350,"B_smooth_logistic",1000,1600,TRUE,TRUE,0.9615,TRUE,TRUE,TRUE,FALSE,FALSE
351,"B_smooth_logistic",1000,1600,TRUE,TRUE,0.922,TRUE,TRUE,TRUE,FALSE,FALSE
352,"B_smooth_logistic",1600,2200,TRUE,TRUE,0.6575,TRUE,TRUE,TRUE,FALSE,FALSE
353,"B_smooth_logistic",2200,2800,TRUE,TRUE,0.8795,TRUE,TRUE,TRUE,FALSE,FALSE
354,"B_smooth_logistic",1000,1600,TRUE,TRUE,1,TRUE,TRUE,TRUE,FALSE,FALSE
355,"B_smooth_logistic",1000,1600,TRUE,TRUE,0.95275,TRUE,TRUE,TRUE,FALSE,FALSE
356,"B_smooth_logistic",1000,1600,TRUE,TRUE,0.7795,TRUE,TRUE,TRUE,FALSE,FALSE
357,"B_smooth_logistic",1000,1600,TRUE,TRUE,1,TRUE,TRUE,TRUE,FALSE,FALSE
358,"B_smooth_logistic",1600,2200,TRUE,TRUE,1,TRUE,TRUE,TRUE,FALSE,FALSE
359,"B_smooth_logistic",1000,1600,TRUE,TRUE,1,TRUE,TRUE,TRUE,FALSE,FALSE
360,"B_smooth_logistic",1000,1600,TRUE,TRUE,0.5805,TRUE,TRUE,TRUE,FALSE,FALSE
361,"B_smooth_logistic",1000,1600,TRUE,TRUE,0.90925,TRUE,TRUE,TRUE,FALSE,FALSE
362,"B_smooth_logistic",1000,1600,TRUE,TRUE,0.95975,TRUE,TRUE,TRUE,FALSE,FALSE
363,"B_smooth_logistic",1000,1600,TRUE,TRUE,0.61175,TRUE,TRUE,TRUE,FALSE,FALSE
364,"B_smooth_logistic",1000,1600,TRUE,TRUE,1,TRUE,TRUE,TRUE,FALSE,FALSE
365,"B_smooth_logistic",1000,1600,TRUE,TRUE,0.8165,TRUE,TRUE,TRUE,FALSE,FALSE
366,"B_smooth_logistic",1600,2200,TRUE,TRUE,0.6485,TRUE,TRUE,TRUE,FALSE,FALSE
367,"B_smooth_logistic",1000,1600,TRUE,TRUE,1,TRUE,TRUE,TRUE,FALSE,FALSE
368,"B_smooth_logistic",1000,1600,TRUE,TRUE,0.595,TRUE,TRUE,TRUE,FALSE,FALSE
369,"B_smooth_logistic",1000,1600,TRUE,TRUE,0.8195,TRUE,TRUE,TRUE,FALSE,FALSE
370,"B_smooth_logistic",2200,2800,TRUE,TRUE,1,TRUE,TRUE,TRUE,FALSE,FALSE
371,"B_smooth_logistic",2800,3400,TRUE,TRUE,0.51075,TRUE,TRUE,TRUE,FALSE,FALSE
372,"B_smooth_logistic",1000,2800,TRUE,TRUE,1,TRUE,TRUE,TRUE,FALSE,FALSE
373,"B_smooth_logistic",1600,2200,TRUE,TRUE,0.91775,TRUE,TRUE,TRUE,FALSE,FALSE
374,"B_smooth_logistic",1000,1600,TRUE,TRUE,1,TRUE,TRUE,TRUE,FALSE,FALSE
375,"B_smooth_logistic",1000,1600,TRUE,TRUE,0.77475,TRUE,TRUE,TRUE,FALSE,FALSE
376,"B_smooth_logistic",1600,2200,TRUE,TRUE,0.58175,TRUE,TRUE,TRUE,FALSE,FALSE
377,"B_smooth_logistic",1000,1600,TRUE,TRUE,0.86725,TRUE,TRUE,TRUE,FALSE,FALSE
378,"B_smooth_logistic",1000,1600,TRUE,TRUE,0.67525,TRUE,TRUE,TRUE,FALSE,FALSE
379,"B_smooth_logistic",1000,1600,TRUE,TRUE,1,TRUE,TRUE,TRUE,FALSE,FALSE
380,"B_smooth_logistic",1000,1600,TRUE,TRUE,0.677,TRUE,TRUE,TRUE,FALSE,FALSE
381,"B_smooth_logistic",1000,1600,TRUE,TRUE,1,TRUE,TRUE,TRUE,FALSE,FALSE
382,"B_smooth_logistic",1000,1600,TRUE,TRUE,0.727,TRUE,TRUE,TRUE,FALSE,FALSE
383,"B_smooth_logistic",1000,1600,TRUE,TRUE,0.933,TRUE,TRUE,TRUE,FALSE,FALSE
384,"B_smooth_logistic",1000,1600,TRUE,TRUE,1,TRUE,TRUE,TRUE,FALSE,FALSE
385,"B_smooth_logistic",2800,3400,TRUE,TRUE,0.70675,TRUE,TRUE,TRUE,FALSE,FALSE
386,"B_smooth_logistic",1000,1600,TRUE,TRUE,0.8775,TRUE,TRUE,TRUE,FALSE,FALSE
387,"B_smooth_logistic",1000,1600,TRUE,TRUE,0.997,TRUE,TRUE,TRUE,FALSE,FALSE
388,"B_smooth_logistic",1000,1600,TRUE,TRUE,0.569,TRUE,TRUE,TRUE,FALSE,FALSE
389,"B_smooth_logistic",1000,1600,TRUE,TRUE,1,TRUE,TRUE,TRUE,FALSE,FALSE
390,"B_smooth_logistic",1000,1600,TRUE,TRUE,0.84825,TRUE,TRUE,TRUE,FALSE,FALSE
391,"B_smooth_logistic",1000,1600,TRUE,TRUE,0.92425,TRUE,TRUE,TRUE,FALSE,FALSE
392,"B_smooth_logistic",1000,1600,TRUE,TRUE,0.5095,TRUE,TRUE,TRUE,FALSE,FALSE
393,"B_smooth_logistic",1000,1600,TRUE,TRUE,1,TRUE,TRUE,TRUE,FALSE,FALSE
394,"B_smooth_logistic",1000,2800,TRUE,TRUE,0.84925,TRUE,TRUE,TRUE,FALSE,FALSE
395,"B_smooth_logistic",1000,1600,TRUE,TRUE,0.80475,TRUE,TRUE,TRUE,FALSE,FALSE
396,"B_smooth_logistic",1000,1600,TRUE,TRUE,1,TRUE,TRUE,TRUE,FALSE,FALSE
397,"B_smooth_logistic",1000,1600,TRUE,TRUE,1,TRUE,TRUE,TRUE,FALSE,FALSE
398,"B_smooth_logistic",1000,1600,TRUE,TRUE,1,TRUE,TRUE,TRUE,FALSE,FALSE
399,"B_smooth_logistic",1000,1600,TRUE,TRUE,0.812,TRUE,TRUE,TRUE,FALSE,FALSE
400,"B_smooth_logistic",1000,1600,TRUE,TRUE,0.82125,TRUE,TRUE,TRUE,FALSE,FALSE
401,"B_smooth_logistic",1000,1600,TRUE,TRUE,1,TRUE,TRUE,TRUE,FALSE,FALSE
402,"B_smooth_logistic",1000,1600,TRUE,TRUE,1,TRUE,TRUE,TRUE,FALSE,FALSE
403,"B_smooth_logistic",1600,2200,TRUE,TRUE,0.82725,TRUE,TRUE,TRUE,FALSE,FALSE
404,"B_smooth_logistic",1000,1600,TRUE,TRUE,1,TRUE,TRUE,TRUE,FALSE,FALSE
405,"B_smooth_logistic",1000,1600,TRUE,TRUE,1,TRUE,TRUE,TRUE,FALSE,FALSE
406,"B_smooth_logistic",1000,1600,TRUE,TRUE,1,TRUE,TRUE,TRUE,FALSE,FALSE
407,"B_smooth_logistic",1000,1600,TRUE,TRUE,1,TRUE,TRUE,TRUE,FALSE,FALSE
408,"B_smooth_logistic",2200,2800,TRUE,TRUE,1,TRUE,TRUE,TRUE,FALSE,FALSE
409,"B_smooth_logistic",1000,1600,TRUE,TRUE,0.69275,TRUE,TRUE,TRUE,FALSE,FALSE
410,"B_smooth_logistic",1000,1600,TRUE,TRUE,0.62125,TRUE,TRUE,TRUE,FALSE,FALSE
411,"B_smooth_logistic",1000,1600,TRUE,TRUE,0.5605,TRUE,TRUE,TRUE,FALSE,FALSE
412,"B_smooth_logistic",1000,1600,TRUE,TRUE,0.8075,TRUE,TRUE,TRUE,FALSE,FALSE
413,"B_smooth_logistic",1000,1600,TRUE,TRUE,1,TRUE,TRUE,TRUE,FALSE,FALSE
414,"B_smooth_logistic",1000,1600,TRUE,TRUE,0.85225,TRUE,TRUE,TRUE,FALSE,FALSE
415,"B_smooth_logistic",1000,1600,TRUE,TRUE,0.86175,TRUE,TRUE,TRUE,FALSE,FALSE
416,"B_smooth_logistic",1000,1600,TRUE,TRUE,0.9015,TRUE,TRUE,TRUE,FALSE,FALSE
417,"B_smooth_logistic",1000,1600,TRUE,TRUE,1,TRUE,TRUE,TRUE,FALSE,FALSE
418,"B_smooth_logistic",1000,1600,TRUE,TRUE,0.57525,TRUE,TRUE,TRUE,FALSE,FALSE
419,"B_smooth_logistic",1000,1600,TRUE,TRUE,1,TRUE,TRUE,TRUE,FALSE,FALSE
420,"B_smooth_logistic",1000,1600,TRUE,TRUE,0.829,TRUE,TRUE,TRUE,FALSE,FALSE
421,"B_smooth_logistic",1000,1600,TRUE,TRUE,0.90825,TRUE,TRUE,TRUE,FALSE,FALSE
422,"B_smooth_logistic",1000,1600,TRUE,TRUE,0.74975,TRUE,TRUE,TRUE,FALSE,FALSE
423,"B_smooth_logistic",1000,1600,TRUE,TRUE,1,TRUE,TRUE,TRUE,FALSE,FALSE
424,"B_smooth_logistic",3400,4000,TRUE,TRUE,0.63025,TRUE,TRUE,TRUE,FALSE,FALSE
425,"B_smooth_logistic",1000,3400,TRUE,TRUE,0.54375,TRUE,TRUE,TRUE,FALSE,FALSE
426,"B_smooth_logistic",1000,1600,TRUE,TRUE,0.9435,TRUE,TRUE,TRUE,FALSE,FALSE
427,"B_smooth_logistic",1000,1600,TRUE,TRUE,1,TRUE,TRUE,TRUE,FALSE,FALSE
428,"B_smooth_logistic",1000,1600,TRUE,TRUE,0.64525,TRUE,TRUE,TRUE,FALSE,FALSE
429,"B_smooth_logistic",1000,1600,TRUE,TRUE,0.884,TRUE,TRUE,TRUE,FALSE,FALSE
430,"B_smooth_logistic",1000,1600,TRUE,TRUE,0.714,TRUE,TRUE,TRUE,FALSE,FALSE
431,"B_smooth_logistic",1000,1600,TRUE,TRUE,0.58925,TRUE,TRUE,TRUE,FALSE,FALSE
432,"B_smooth_logistic",1000,1600,TRUE,TRUE,1,TRUE,TRUE,TRUE,FALSE,FALSE
433,"B_smooth_logistic",1000,1600,TRUE,TRUE,0.92575,TRUE,TRUE,TRUE,FALSE,FALSE
434,"B_smooth_logistic",1000,1600,TRUE,TRUE,0.66525,TRUE,TRUE,TRUE,FALSE,FALSE
435,"B_smooth_logistic",1000,1600,TRUE,TRUE,1,TRUE,TRUE,TRUE,FALSE,FALSE
436,"B_smooth_logistic",1000,1600,TRUE,TRUE,0.83775,TRUE,TRUE,TRUE,FALSE,FALSE
437,"B_smooth_logistic",1000,1600,TRUE,TRUE,1,TRUE,TRUE,TRUE,FALSE,FALSE
438,"B_smooth_logistic",1000,1600,TRUE,TRUE,0.85175,TRUE,TRUE,TRUE,FALSE,FALSE
439,"B_smooth_logistic",1000,1600,TRUE,TRUE,0.747,TRUE,TRUE,TRUE,FALSE,FALSE
440,"B_smooth_logistic",1000,1600,TRUE,TRUE,1,TRUE,TRUE,TRUE,FALSE,FALSE
441,"B_smooth_logistic",1000,1600,TRUE,TRUE,0.69875,TRUE,TRUE,TRUE,FALSE,FALSE
442,"B_smooth_logistic",1000,1600,TRUE,TRUE,1,TRUE,TRUE,TRUE,FALSE,FALSE
443,"B_smooth_logistic",1000,1600,TRUE,TRUE,1,TRUE,TRUE,TRUE,FALSE,FALSE
444,"B_smooth_logistic",1000,1600,TRUE,TRUE,0.7085,TRUE,TRUE,TRUE,FALSE,FALSE
445,"B_smooth_logistic",1000,1600,TRUE,TRUE,1,TRUE,TRUE,TRUE,FALSE,FALSE
446,"B_smooth_logistic",1000,1600,TRUE,TRUE,0.953,TRUE,TRUE,TRUE,FALSE,FALSE
447,"B_smooth_logistic",1000,1600,TRUE,TRUE,0.74875,TRUE,TRUE,TRUE,FALSE,FALSE
448,"B_smooth_logistic",1000,1600,TRUE,TRUE,0.784,TRUE,TRUE,TRUE,FALSE,FALSE
449,"B_smooth_logistic",1600,3400,TRUE,TRUE,1,TRUE,TRUE,TRUE,FALSE,FALSE
450,"B_smooth_logistic",1000,1600,TRUE,TRUE,1,TRUE,TRUE,TRUE,FALSE,FALSE
451,"B_smooth_logistic",1000,1600,TRUE,TRUE,0.7385,TRUE,TRUE,TRUE,FALSE,FALSE
452,"B_smooth_logistic",1000,1600,TRUE,TRUE,0.8085,TRUE,TRUE,TRUE,FALSE,FALSE
453,"B_smooth_logistic",1000,1600,TRUE,TRUE,0.8335,TRUE,TRUE,TRUE,FALSE,FALSE
454,"B_smooth_logistic",1000,1600,TRUE,TRUE,0.83675,TRUE,TRUE,TRUE,FALSE,FALSE
455,"B_smooth_logistic",1000,1600,TRUE,TRUE,1,TRUE,TRUE,TRUE,FALSE,FALSE
456,"B_smooth_logistic",1000,1600,TRUE,TRUE,0.81875,TRUE,TRUE,TRUE,FALSE,FALSE
457,"B_smooth_logistic",1000,1600,TRUE,TRUE,0.8215,TRUE,TRUE,TRUE,FALSE,FALSE
458,"B_smooth_logistic",1000,2800,TRUE,TRUE,1,TRUE,TRUE,TRUE,FALSE,FALSE
459,"B_smooth_logistic",1000,1600,TRUE,TRUE,0.63575,TRUE,TRUE,TRUE,FALSE,FALSE
460,"B_smooth_logistic",1000,1600,TRUE,TRUE,1,TRUE,TRUE,TRUE,FALSE,FALSE
461,"B_smooth_logistic",1000,1600,TRUE,TRUE,0.58975,TRUE,TRUE,TRUE,FALSE,FALSE
462,"B_smooth_logistic",1600,2200,TRUE,TRUE,0.80075,TRUE,TRUE,TRUE,FALSE,FALSE
463,"B_smooth_logistic",1000,1600,TRUE,TRUE,0.9285,TRUE,TRUE,TRUE,FALSE,FALSE
464,"B_smooth_logistic",2800,3400,TRUE,TRUE,1,TRUE,TRUE,TRUE,FALSE,FALSE
465,"B_smooth_logistic",1000,1600,TRUE,TRUE,0.87075,TRUE,TRUE,TRUE,FALSE,FALSE
466,"B_smooth_logistic",1000,NA,TRUE,FALSE,0.45325,FALSE,FALSE,TRUE,TRUE,FALSE
467,"B_smooth_logistic",1000,1600,TRUE,TRUE,1,TRUE,TRUE,TRUE,FALSE,FALSE
468,"B_smooth_logistic",1000,1600,TRUE,TRUE,1,TRUE,TRUE,TRUE,FALSE,FALSE
469,"B_smooth_logistic",1000,1600,TRUE,TRUE,0.9935,TRUE,TRUE,TRUE,FALSE,FALSE
470,"B_smooth_logistic",1000,1600,TRUE,TRUE,0.5755,TRUE,TRUE,TRUE,FALSE,FALSE
471,"B_smooth_logistic",1000,2800,TRUE,TRUE,1,TRUE,TRUE,TRUE,FALSE,FALSE
472,"B_smooth_logistic",2200,2800,TRUE,TRUE,0.7095,TRUE,TRUE,TRUE,FALSE,FALSE
473,"B_smooth_logistic",1000,1600,TRUE,TRUE,0.915,TRUE,TRUE,TRUE,FALSE,FALSE
474,"B_smooth_logistic",1000,1600,TRUE,TRUE,0.54775,TRUE,TRUE,TRUE,FALSE,FALSE
475,"B_smooth_logistic",1600,2200,TRUE,TRUE,1,TRUE,TRUE,TRUE,FALSE,FALSE
476,"B_smooth_logistic",1000,1600,TRUE,TRUE,1,TRUE,TRUE,TRUE,FALSE,FALSE
477,"B_smooth_logistic",1000,1600,TRUE,TRUE,0.77175,TRUE,TRUE,TRUE,FALSE,FALSE
478,"B_smooth_logistic",1000,NA,TRUE,FALSE,0.45,FALSE,FALSE,TRUE,TRUE,FALSE
479,"B_smooth_logistic",1600,2200,TRUE,TRUE,1,TRUE,TRUE,TRUE,FALSE,FALSE
480,"B_smooth_logistic",1000,1600,TRUE,TRUE,0.69575,TRUE,TRUE,TRUE,FALSE,FALSE
481,"B_smooth_logistic",1000,1600,TRUE,TRUE,1,TRUE,TRUE,TRUE,FALSE,FALSE
482,"B_smooth_logistic",1000,1600,TRUE,TRUE,0.93675,TRUE,TRUE,TRUE,FALSE,FALSE
483,"B_smooth_logistic",1000,1600,TRUE,TRUE,0.66825,TRUE,TRUE,TRUE,FALSE,FALSE
484,"B_smooth_logistic",1000,1600,TRUE,TRUE,1,TRUE,TRUE,TRUE,FALSE,FALSE
485,"B_smooth_logistic",1600,2200,TRUE,TRUE,0.63425,TRUE,TRUE,TRUE,FALSE,FALSE
486,"B_smooth_logistic",1000,1600,TRUE,TRUE,0.74275,TRUE,TRUE,TRUE,FALSE,FALSE
487,"B_smooth_logistic",1000,1600,TRUE,TRUE,0.724,TRUE,TRUE,TRUE,FALSE,FALSE
488,"B_smooth_logistic",1000,1600,TRUE,TRUE,1,TRUE,TRUE,TRUE,FALSE,FALSE
489,"B_smooth_logistic",1000,1600,TRUE,TRUE,0.74025,TRUE,TRUE,TRUE,FALSE,FALSE
490,"B_smooth_logistic",1600,2200,TRUE,TRUE,0.8025,TRUE,TRUE,TRUE,FALSE,FALSE
491,"B_smooth_logistic",1000,1600,TRUE,TRUE,1,TRUE,TRUE,TRUE,FALSE,FALSE
492,"B_smooth_logistic",1600,2200,TRUE,TRUE,0.542,TRUE,TRUE,TRUE,FALSE,FALSE
493,"B_smooth_logistic",1000,1600,TRUE,TRUE,1,TRUE,TRUE,TRUE,FALSE,FALSE
494,"B_smooth_logistic",1000,1600,TRUE,TRUE,0.666,TRUE,TRUE,TRUE,FALSE,FALSE
495,"B_smooth_logistic",1000,1600,TRUE,TRUE,1,TRUE,TRUE,TRUE,FALSE,FALSE
496,"B_smooth_logistic",1000,1600,TRUE,TRUE,1,TRUE,TRUE,TRUE,FALSE,FALSE
497,"B_smooth_logistic",1000,1600,TRUE,TRUE,0.96325,TRUE,TRUE,TRUE,FALSE,FALSE
498,"B_smooth_logistic",1000,1600,TRUE,TRUE,1,TRUE,TRUE,TRUE,FALSE,FALSE
499,"B_smooth_logistic",1000,1600,TRUE,TRUE,0.6445,TRUE,TRUE,TRUE,FALSE,FALSE
500,"B_smooth_logistic",1000,1600,TRUE,TRUE,0.684,TRUE,TRUE,TRUE,FALSE,FALSE
