"scenario","replicate","first_stop_ATE","first_stop_CATE","stopped_ATE","stopped_CATE","mean_true_CATE","truly_harmful"
"A_threshold",1,1000,1000,TRUE,TRUE,-0.0099932867443341,FALSE
"A_threshold",62,1000,1000,TRUE,TRUE,-0.0099932867443341,FALSE
"A_threshold",2,1600,1000,TRUE,TRUE,-0.0099932867443341,FALSE
"A_threshold",63,1600,1000,TRUE,TRUE,-0.0099932867443341,FALSE
"A_threshold",3,1000,1000,TRUE,TRUE,-0.0099932867443341,FALSE
"A_threshold",64,1000,1000,TRUE,TRUE,-0.0099932867443341,FALSE
"A_threshold",4,NA,2200,FALSE,TRUE,-0.0099932867443341,FALSE
"A_threshold",65,1000,1000,TRUE,TRUE,-0.0099932867443341,FALSE
"A_threshold",5,NA,4000,FALSE,TRUE,-0.0099932867443341,FALSE
"A_threshold",66,NA,2200,FALSE,TRUE,-0.0099932867443341,FALSE
"A_threshold",6,2200,1000,TRUE,TRUE,-0.0099932867443341,FALSE
"A_threshold",67,1000,1000,TRUE,TRUE,-0.0099932867443341,FALSE
"A_threshold",7,1000,1000,TRUE,TRUE,-0.0099932867443341,FALSE
"A_threshold",68,1000,1000,TRUE,TRUE,-0.0099932867443341,FALSE
"A_threshold",8,1000,1000,TRUE,TRUE,-0.0099932867443341,FALSE
"A_threshold",69,1000,1000,TRUE,TRUE,-0.0099932867443341,FALSE
"A_threshold",9,NA,1600,FALSE,TRUE,-0.0099932867443341,FALSE
"A_threshold",70,1000,1000,TRUE,TRUE,-0.0099932867443341,FALSE
"A_threshold",10,1000,1000,TRUE,TRUE,-0.0099932867443341,FALSE
"A_threshold",71,1000,1000,TRUE,TRUE,-0.0099932867443341,FALSE
"A_threshold",11,1600,1000,TRUE,TRUE,-0.0099932867443341,FALSE
"A_threshold",72,1000,1000,TRUE,TRUE,-0.0099932867443341,FALSE
"A_threshold",12,1000,1000,TRUE,TRUE,-0.0099932867443341,FALSE
"A_threshold",73,3400,1600,TRUE,TRUE,-0.0099932867443341,FALSE
"A_threshold",13,NA,4000,FALSE,TRUE,-0.0099932867443341,FALSE
"A_threshold",74,1600,1000,TRUE,TRUE,-0.0099932867443341,FALSE
"A_threshold",14,1600,1000,TRUE,TRUE,-0.0099932867443341,FALSE
"A_threshold",75,NA,2200,FALSE,TRUE,-0.0099932867443341,FALSE
"A_threshold",15,1000,1000,TRUE,TRUE,-0.0099932867443341,FALSE
"A_threshold",76,2800,1000,TRUE,TRUE,-0.0099932867443341,FALSE
"A_threshold",16,1000,1000,TRUE,TRUE,-0.0099932867443341,FALSE
"A_threshold",77,1000,1000,TRUE,TRUE,-0.0099932867443341,FALSE
"A_threshold",17,4000,1000,TRUE,TRUE,-0.0099932867443341,FALSE
"A_threshold",78,2800,1600,TRUE,TRUE,-0.0099932867443341,FALSE
"A_threshold",18,3400,1000,TRUE,TRUE,-0.0099932867443341,FALSE
"A_threshold",79,1000,1000,TRUE,TRUE,-0.0099932867443341,FALSE
"A_threshold",19,1000,1000,TRUE,TRUE,-0.0099932867443341,FALSE
"A_threshold",80,1000,1000,TRUE,TRUE,-0.0099932867443341,FALSE
"A_threshold",20,1000,1000,TRUE,TRUE,-0.0099932867443341,FALSE
"A_threshold",81,2200,2200,TRUE,TRUE,-0.0099932867443341,FALSE
"A_threshold",21,1000,1000,TRUE,TRUE,-0.0099932867443341,FALSE
"A_threshold",82,1000,1000,TRUE,TRUE,-0.0099932867443341,FALSE
"A_threshold",22,1000,1000,TRUE,TRUE,-0.0099932867443341,FALSE
"A_threshold",83,2200,1000,TRUE,TRUE,-0.0099932867443341,FALSE
"A_threshold",23,3400,2200,TRUE,TRUE,-0.0099932867443341,FALSE
"A_threshold",84,1600,1000,TRUE,TRUE,-0.0099932867443341,FALSE
"A_threshold",24,2200,2200,TRUE,TRUE,-0.0099932867443341,FALSE
"A_threshold",85,1000,1000,TRUE,TRUE,-0.0099932867443341,FALSE
"A_threshold",25,2200,2200,TRUE,TRUE,-0.0099932867443341,FALSE
"A_threshold",86,NA,1600,FALSE,TRUE,-0.0099932867443341,FALSE
"A_threshold",26,1000,1000,TRUE,TRUE,-0.0099932867443341,FALSE
"A_threshold",87,1000,1000,TRUE,TRUE,-0.0099932867443341,FALSE
"A_threshold",27,1000,1000,TRUE,TRUE,-0.0099932867443341,FALSE
"A_threshold",88,2200,1000,TRUE,TRUE,-0.0099932867443341,FALSE
"A_threshold",28,2200,1600,TRUE,TRUE,-0.0099932867443341,FALSE
"A_threshold",89,NA,3400,FALSE,TRUE,-0.0099932867443341,FALSE
"A_threshold",29,NA,1600,FALSE,TRUE,-0.0099932867443341,FALSE
"A_threshold",90,1000,1000,TRUE,TRUE,-0.0099932867443341,FALSE
"A_threshold",30,1000,1000,TRUE,TRUE,-0.0099932867443341,FALSE
"A_threshold",91,1600,1600,TRUE,TRUE,-0.0099932867443341,FALSE
"A_threshold",31,NA,1600,FALSE,TRUE,-0.0099932867443341,FALSE
"A_threshold",92,NA,NA,FALSE,FALSE,-0.0099932867443341,FALSE
"A_threshold",32,1000,1000,TRUE,TRUE,-0.0099932867443341,FALSE
"A_threshold",93,3400,2200,TRUE,TRUE,-0.0099932867443341,FALSE
"A_threshold",33,1600,1600,TRUE,TRUE,-0.0099932867443341,FALSE
"A_threshold",94,1000,1000,TRUE,TRUE,-0.0099932867443341,FALSE
"A_threshold",34,1000,1000,TRUE,TRUE,-0.0099932867443341,FALSE
"A_threshold",95,1000,1000,TRUE,TRUE,-0.0099932867443341,FALSE
"A_threshold",35,1000,1000,TRUE,TRUE,-0.0099932867443341,FALSE
"A_threshold",96,1600,1000,TRUE,TRUE,-0.0099932867443341,FALSE
"A_threshold",36,1000,1000,TRUE,TRUE,-0.0099932867443341,FALSE
"A_threshold",97,1600,1000,TRUE,TRUE,-0.0099932867443341,FALSE
"A_threshold",37,NA,NA,FALSE,FALSE,-0.0099932867443341,FALSE
"A_threshold",98,1600,1000,TRUE,TRUE,-0.0099932867443341,FALSE
"A_threshold",38,1000,1000,TRUE,TRUE,-0.0099932867443341,FALSE
"A_threshold",99,NA,NA,FALSE,FALSE,-0.0099932867443341,FALSE
"A_threshold",39,1000,1000,TRUE,TRUE,-0.0099932867443341,FALSE
"A_threshold",100,1000,1000,TRUE,TRUE,-0.0099932867443341,FALSE
"A_threshold",40,NA,1600,FALSE,TRUE,-0.0099932867443341,FALSE
"A_threshold",101,1000,1000,TRUE,TRUE,-0.0099932867443341,FALSE
"A_threshold",41,1000,1000,TRUE,TRUE,-0.0099932867443341,FALSE
"A_threshold",102,1000,1000,TRUE,TRUE,-0.0099932867443341,FALSE
"A_threshold",42,NA,NA,FALSE,FALSE,-0.0099932867443341,FALSE
"A_threshold",103,4000,1600,TRUE,TRUE,-0.0099932867443341,FALSE
"A_threshold",43,NA,1000,FALSE,TRUE,-0.0099932867443341,FALSE
"A_threshold",104,NA,3400,FALSE,TRUE,-0.0099932867443341,FALSE
"A_threshold",44,1000,1000,TRUE,TRUE,-0.0099932867443341,FALSE
"A_threshold",105,1000,1000,TRUE,TRUE,-0.0099932867443341,FALSE
"A_threshold",45,1000,1000,TRUE,TRUE,-0.0099932867443341,FALSE
"A_threshold",106,1600,1000,TRUE,TRUE,-0.0099932867443341,FALSE
"A_threshold",46,NA,1600,FALSE,TRUE,-0.0099932867443341,FALSE
"A_threshold",107,1000,1000,TRUE,TRUE,-0.0099932867443341,FALSE
"A_threshold",47,1000,1000,TRUE,TRUE,-0.0099932867443341,FALSE
"A_threshold",108,NA,2800,FALSE,TRUE,-0.0099932867443341,FALSE
"A_threshold",48,1000,1000,TRUE,TRUE,-0.0099932867443341,FALSE
"A_threshold",109,1000,1000,TRUE,TRUE,-0.0099932867443341,FALSE
"A_threshold",49,NA,4000,FALSE,TRUE,-0.0099932867443341,FALSE
"A_threshold",110,NA,2800,FALSE,TRUE,-0.0099932867443341,FALSE
"A_threshold",50,1000,1000,TRUE,TRUE,-0.0099932867443341,FALSE
"A_threshold",111,1600,1000,TRUE,TRUE,-0.0099932867443341,FALSE
"A_threshold",51,3400,1600,TRUE,TRUE,-0.0099932867443341,FALSE
"A_threshold",112,1000,1000,TRUE,TRUE,-0.0099932867443341,FALSE
"A_threshold",52,3400,1000,TRUE,TRUE,-0.0099932867443341,FALSE
"A_threshold",113,NA,1600,FALSE,TRUE,-0.0099932867443341,FALSE
"A_threshold",53,NA,1000,FALSE,TRUE,-0.0099932867443341,FALSE
"A_threshold",114,1000,1000,TRUE,TRUE,-0.0099932867443341,FALSE
"A_threshold",54,3400,1000,TRUE,TRUE,-0.0099932867443341,FALSE
"A_threshold",115,2800,1600,TRUE,TRUE,-0.0099932867443341,FALSE
"A_threshold",55,1000,1000,TRUE,TRUE,-0.0099932867443341,FALSE
"A_threshold",116,3400,1000,TRUE,TRUE,-0.0099932867443341,FALSE
"A_threshold",56,2800,1600,TRUE,TRUE,-0.0099932867443341,FALSE
"A_threshold",117,NA,1600,FALSE,TRUE,-0.0099932867443341,FALSE
"A_threshold",57,NA,1600,FALSE,TRUE,-0.0099932867443341,FALSE
"A_threshold",118,1600,1000,TRUE,TRUE,-0.0099932867443341,FALSE
"A_threshold",58,3400,2200,TRUE,TRUE,-0.0099932867443341,FALSE
"A_threshold",119,NA,2200,FALSE,TRUE,-0.0099932867443341,FALSE
"A_threshold",59,NA,NA,FALSE,FALSE,-0.0099932867443341,FALSE
"A_threshold",120,2800,1600,TRUE,TRUE,-0.0099932867443341,FALSE
"A_threshold",60,NA,1000,FALSE,TRUE,-0.0099932867443341,FALSE
"A_threshold",121,3400,1000,TRUE,TRUE,-0.0099932867443341,FALSE
"A_threshold",61,1000,1000,TRUE,TRUE,-0.0099932867443341,FALSE
"A_threshold",122,1000,1000,TRUE,TRUE,-0.0099932867443341,FALSE
"A_threshold",183,2800,1600,TRUE,TRUE,-0.0099932867443341,FALSE
"A_threshold",123,1000,1000,TRUE,TRUE,-0.0099932867443341,FALSE
"A_threshold",184,1000,1000,TRUE,TRUE,-0.0099932867443341,FALSE
"A_threshold",124,1000,1000,TRUE,TRUE,-0.0099932867443341,FALSE
"A_threshold",185,1000,1000,TRUE,TRUE,-0.0099932867443341,FALSE
"A_threshold",125,NA,2200,FALSE,TRUE,-0.0099932867443341,FALSE
"A_threshold",186,1000,1000,TRUE,TRUE,-0.0099932867443341,FALSE
"A_threshold",126,1000,1000,TRUE,TRUE,-0.0099932867443341,FALSE
"A_threshold",187,1000,1000,TRUE,TRUE,-0.0099932867443341,FALSE
"A_threshold",127,1000,1000,TRUE,TRUE,-0.0099932867443341,FALSE
"A_threshold",188,1000,1000,TRUE,TRUE,-0.0099932867443341,FALSE
"A_threshold",128,1600,1000,TRUE,TRUE,-0.0099932867443341,FALSE
"A_threshold",189,NA,NA,FALSE,FALSE,-0.0099932867443341,FALSE
"A_threshold",129,NA,1600,FALSE,TRUE,-0.0099932867443341,FALSE
"A_threshold",190,1000,1000,TRUE,TRUE,-0.0099932867443341,FALSE
"A_threshold",130,1000,1000,TRUE,TRUE,-0.0099932867443341,FALSE
"A_threshold",191,4000,1000,TRUE,TRUE,-0.0099932867443341,FALSE
"A_threshold",131,NA,3400,FALSE,TRUE,-0.0099932867443341,FALSE
"A_threshold",192,1000,1000,TRUE,TRUE,-0.0099932867443341,FALSE
"A_threshold",132,1000,1000,TRUE,TRUE,-0.0099932867443341,FALSE
"A_threshold",193,NA,2200,FALSE,TRUE,-0.0099932867443341,FALSE
"A_threshold",133,1000,1000,TRUE,TRUE,-0.0099932867443341,FALSE
"A_threshold",194,NA,2800,FALSE,TRUE,-0.0099932867443341,FALSE
"A_threshold",134,1000,1000,TRUE,TRUE,-0.0099932867443341,FALSE
"A_threshold",195,1000,1000,TRUE,TRUE,-0.0099932867443341,FALSE
"A_threshold",135,1000,1000,TRUE,TRUE,-0.0099932867443341,FALSE
"A_threshold",196,NA,4000,FALSE,TRUE,-0.0099932867443341,FALSE
"A_threshold",136,NA,2200,FALSE,TRUE,-0.0099932867443341,FALSE
"A_threshold",197,1000,1000,TRUE,TRUE,-0.0099932867443341,FALSE
"A_threshold",137,2200,1000,TRUE,TRUE,-0.0099932867443341,FALSE
"A_threshold",198,2200,1600,TRUE,TRUE,-0.0099932867443341,FALSE
"A_threshold",138,1000,1000,TRUE,TRUE,-0.0099932867443341,FALSE
"A_threshold",199,1000,1000,TRUE,TRUE,-0.0099932867443341,FALSE
"A_threshold",139,1600,1000,TRUE,TRUE,-0.0099932867443341,FALSE
"A_threshold",200,1000,1000,TRUE,TRUE,-0.0099932867443341,FALSE
"A_threshold",140,2800,1600,TRUE,TRUE,-0.0099932867443341,FALSE
"A_threshold",201,NA,2200,FALSE,TRUE,-0.0099932867443341,FALSE
"A_threshold",141,1000,1000,TRUE,TRUE,-0.0099932867443341,FALSE
"A_threshold",202,1000,1000,TRUE,TRUE,-0.0099932867443341,FALSE
"A_threshold",142,NA,1000,FALSE,TRUE,-0.0099932867443341,FALSE
"A_threshold",203,NA,1600,FALSE,TRUE,-0.0099932867443341,FALSE
"A_threshold",143,NA,1000,FALSE,TRUE,-0.0099932867443341,FALSE
"A_threshold",204,3400,1600,TRUE,TRUE,-0.0099932867443341,FALSE
"A_threshold",144,1000,1000,TRUE,TRUE,-0.0099932867443341,FALSE
"A_threshold",205,1000,1000,TRUE,TRUE,-0.0099932867443341,FALSE
"A_threshold",145,NA,2200,FALSE,TRUE,-0.0099932867443341,FALSE
"A_threshold",206,1000,1000,TRUE,TRUE,-0.0099932867443341,FALSE
"A_threshold",146,NA,1000,FALSE,TRUE,-0.0099932867443341,FALSE
"A_threshold",207,2800,1000,TRUE,TRUE,-0.0099932867443341,FALSE
"A_threshold",147,NA,2200,FALSE,TRUE,-0.0099932867443341,FALSE
"A_threshold",208,NA,2200,FALSE,TRUE,-0.0099932867443341,FALSE
"A_threshold",148,1000,1000,TRUE,TRUE,-0.0099932867443341,FALSE
"A_threshold",209,1000,1000,TRUE,TRUE,-0.0099932867443341,FALSE
"A_threshold",149,1600,1600,TRUE,TRUE,-0.0099932867443341,FALSE
"A_threshold",210,1000,1000,TRUE,TRUE,-0.0099932867443341,FALSE
"A_threshold",150,NA,NA,FALSE,FALSE,-0.0099932867443341,FALSE
"A_threshold",211,1600,1000,TRUE,TRUE,-0.0099932867443341,FALSE
"A_threshold",151,2200,1000,TRUE,TRUE,-0.0099932867443341,FALSE
"A_threshold",212,2200,1000,TRUE,TRUE,-0.0099932867443341,FALSE
"A_threshold",152,1000,1000,TRUE,TRUE,-0.0099932867443341,FALSE
"A_threshold",213,1000,1000,TRUE,TRUE,-0.0099932867443341,FALSE
"A_threshold",153,NA,1000,FALSE,TRUE,-0.0099932867443341,FALSE
"A_threshold",214,1000,1000,TRUE,TRUE,-0.0099932867443341,FALSE
"A_threshold",154,1000,1000,TRUE,TRUE,-0.0099932867443341,FALSE
"A_threshold",215,1000,1000,TRUE,TRUE,-0.0099932867443341,FALSE
"A_threshold",155,NA,3400,FALSE,TRUE,-0.0099932867443341,FALSE
"A_threshold",216,1000,1000,TRUE,TRUE,-0.0099932867443341,FALSE
"A_threshold",156,1000,1000,TRUE,TRUE,-0.0099932867443341,FALSE
"A_threshold",217,NA,NA,FALSE,FALSE,-0.0099932867443341,FALSE
"A_threshold",157,1000,1000,TRUE,TRUE,-0.0099932867443341,FALSE
"A_threshold",218,1000,1000,TRUE,TRUE,-0.0099932867443341,FALSE
"A_threshold",158,1000,1000,TRUE,TRUE,-0.0099932867443341,FALSE
"A_threshold",219,1000,1000,TRUE,TRUE,-0.0099932867443341,FALSE
"A_threshold",159,1000,1000,TRUE,TRUE,-0.0099932867443341,FALSE
"A_threshold",220,1000,1000,TRUE,TRUE,-0.0099932867443341,FALSE
"A_threshold",160,1600,1000,TRUE,TRUE,-0.0099932867443341,FALSE
"A_threshold",221,1000,1000,TRUE,TRUE,-0.0099932867443341,FALSE
"A_threshold",161,1000,1000,TRUE,TRUE,-0.0099932867443341,FALSE
"A_threshold",222,NA,1000,FALSE,TRUE,-0.0099932867443341,FALSE
"A_threshold",162,NA,2800,FALSE,TRUE,-0.0099932867443341,FALSE
"A_threshold",223,2200,1000,TRUE,TRUE,-0.0099932867443341,FALSE
"A_threshold",163,1600,1000,TRUE,TRUE,-0.0099932867443341,FALSE
"A_threshold",224,1000,1000,TRUE,TRUE,-0.0099932867443341,FALSE
"A_threshold",164,2200,1600,TRUE,TRUE,-0.0099932867443341,FALSE
"A_threshold",225,1000,1000,TRUE,TRUE,-0.0099932867443341,FALSE
"A_threshold",165,1000,1000,TRUE,TRUE,-0.0099932867443341,FALSE
"A_threshold",226,1000,1000,TRUE,TRUE,-0.0099932867443341,FALSE
"A_threshold",166,NA,2800,FALSE,TRUE,-0.0099932867443341,FALSE
"A_threshold",227,1000,1000,TRUE,TRUE,-0.0099932867443341,FALSE
"A_threshold",167,1000,1000,TRUE,TRUE,-0.0099932867443341,FALSE
"A_threshold",228,2800,1600,TRUE,TRUE,-0.0099932867443341,FALSE
"A_threshold",168,4000,1600,TRUE,TRUE,-0.0099932867443341,FALSE
"A_threshold",229,1000,1000,TRUE,TRUE,-0.0099932867443341,FALSE
"A_threshold",169,3400,1000,TRUE,TRUE,-0.0099932867443341,FALSE
"A_threshold",230,NA,3400,FALSE,TRUE,-0.0099932867443341,FALSE
"A_threshold",170,1000,1000,TRUE,TRUE,-0.0099932867443341,FALSE
"A_threshold",231,1000,1000,TRUE,TRUE,-0.0099932867443341,FALSE
"A_threshold",171,1000,1000,TRUE,TRUE,-0.0099932867443341,FALSE
"A_threshold",232,2800,1600,TRUE,TRUE,-0.0099932867443341,FALSE
"A_threshold",172,1000,1000,TRUE,TRUE,-0.0099932867443341,FALSE
"A_threshold",233,NA,1000,FALSE,TRUE,-0.0099932867443341,FALSE
"A_threshold",173,NA,NA,FALSE,FALSE,-0.0099932867443341,FALSE
"A_threshold",234,1000,1000,TRUE,TRUE,-0.0099932867443341,FALSE
"A_threshold",174,1600,1600,TRUE,TRUE,-0.0099932867443341,FALSE
"A_threshold",235,2200,1600,TRUE,TRUE,-0.0099932867443341,FALSE
"A_threshold",175,1000,1000,TRUE,TRUE,-0.0099932867443341,FALSE
"A_threshold",236,1000,1000,TRUE,TRUE,-0.0099932867443341,FALSE
"A_threshold",176,1000,1000,TRUE,TRUE,-0.0099932867443341,FALSE
"A_threshold",237,1000,1000,TRUE,TRUE,-0.0099932867443341,FALSE
"A_threshold",177,1600,1000,TRUE,TRUE,-0.0099932867443341,FALSE
"A_threshold",238,2200,1600,TRUE,TRUE,-0.0099932867443341,FALSE
"A_threshold",178,NA,1600,FALSE,TRUE,-0.0099932867443341,FALSE
"A_threshold",239,1000,1000,TRUE,TRUE,-0.0099932867443341,FALSE
"A_threshold",179,NA,1600,FALSE,TRUE,-0.0099932867443341,FALSE
"A_threshold",240,2800,1000,TRUE,TRUE,-0.0099932867443341,FALSE
"A_threshold",180,1000,1000,TRUE,TRUE,-0.0099932867443341,FALSE
"A_threshold",241,1000,1000,TRUE,TRUE,-0.0099932867443341,FALSE
"A_threshold",181,NA,1000,FALSE,TRUE,-0.0099932867443341,FALSE
"A_threshold",242,2200,1000,TRUE,TRUE,-0.0099932867443341,FALSE
"A_threshold",182,4000,1000,TRUE,TRUE,-0.0099932867443341,FALSE
"A_threshold",243,1000,1000,TRUE,TRUE,-0.0099932867443341,FALSE
"A_threshold",304,NA,2800,FALSE,TRUE,-0.0099932867443341,FALSE
"A_threshold",244,2800,2200,TRUE,TRUE,-0.0099932867443341,FALSE
"A_threshold",305,NA,1600,FALSE,TRUE,-0.0099932867443341,FALSE
"A_threshold",245,1000,1000,TRUE,TRUE,-0.0099932867443341,FALSE
"A_threshold",306,1000,1000,TRUE,TRUE,-0.0099932867443341,FALSE
"A_threshold",246,1000,1000,TRUE,TRUE,-0.0099932867443341,FALSE
"A_threshold",307,1600,1000,TRUE,TRUE,-0.0099932867443341,FALSE
"A_threshold",247,NA,NA,FALSE,FALSE,-0.0099932867443341,FALSE
"A_threshold",308,2800,1600,TRUE,TRUE,-0.0099932867443341,FALSE
"A_threshold",248,1000,1000,TRUE,TRUE,-0.0099932867443341,FALSE
"A_threshold",309,2200,1600,TRUE,TRUE,-0.0099932867443341,FALSE
"A_threshold",249,1000,1000,TRUE,TRUE,-0.0099932867443341,FALSE
"A_threshold",310,NA,1000,FALSE,TRUE,-0.0099932867443341,FALSE
"A_threshold",250,1000,1000,TRUE,TRUE,-0.0099932867443341,FALSE
"A_threshold",311,1000,1000,TRUE,TRUE,-0.0099932867443341,FALSE
"A_threshold",251,NA,NA,FALSE,FALSE,-0.0099932867443341,FALSE
"A_threshold",312,2200,1000,TRUE,TRUE,-0.0099932867443341,FALSE
"A_threshold",252,1000,1000,TRUE,TRUE,-0.0099932867443341,FALSE
"A_threshold",313,4000,1000,TRUE,TRUE,-0.0099932867443341,FALSE
"A_threshold",253,2200,2200,TRUE,TRUE,-0.0099932867443341,FALSE
"A_threshold",314,NA,2200,FALSE,TRUE,-0.0099932867443341,FALSE
"A_threshold",254,1000,1000,TRUE,TRUE,-0.0099932867443341,FALSE
"A_threshold",315,NA,2200,FALSE,TRUE,-0.0099932867443341,FALSE
"A_threshold",255,1000,1000,TRUE,TRUE,-0.0099932867443341,FALSE
"A_threshold",316,1000,1000,TRUE,TRUE,-0.0099932867443341,FALSE
"A_threshold",256,1000,1000,TRUE,TRUE,-0.0099932867443341,FALSE
"A_threshold",317,NA,1000,FALSE,TRUE,-0.0099932867443341,FALSE
"A_threshold",257,1000,1000,TRUE,TRUE,-0.0099932867443341,FALSE
"A_threshold",318,2200,1600,TRUE,TRUE,-0.0099932867443341,FALSE
"A_threshold",258,1000,1000,TRUE,TRUE,-0.0099932867443341,FALSE
"A_threshold",319,NA,1000,FALSE,TRUE,-0.0099932867443341,FALSE
"A_threshold",259,3400,1600,TRUE,TRUE,-0.0099932867443341,FALSE
"A_threshold",320,1000,1000,TRUE,TRUE,-0.0099932867443341,FALSE
"A_threshold",260,NA,4000,FALSE,TRUE,-0.0099932867443341,FALSE
"A_threshold",321,1000,1000,TRUE,TRUE,-0.0099932867443341,FALSE
"A_threshold",261,1000,1000,TRUE,TRUE,-0.0099932867443341,FALSE
"A_threshold",322,1000,1000,TRUE,TRUE,-0.0099932867443341,FALSE
"A_threshold",262,1000,1000,TRUE,TRUE,-0.0099932867443341,FALSE
"A_threshold",323,NA,1000,FALSE,TRUE,-0.0099932867443341,FALSE
"A_threshold",263,1000,1000,TRUE,TRUE,-0.0099932867443341,FALSE
"A_threshold",324,1600,1600,TRUE,TRUE,-0.0099932867443341,FALSE
"A_threshold",264,NA,2200,FALSE,TRUE,-0.0099932867443341,FALSE
"A_threshold",325,1600,1000,TRUE,TRUE,-0.0099932867443341,FALSE
"A_threshold",265,1000,1000,TRUE,TRUE,-0.0099932867443341,FALSE
"A_threshold",326,1000,1000,TRUE,TRUE,-0.0099932867443341,FALSE
"A_threshold",266,2200,2200,TRUE,TRUE,-0.0099932867443341,FALSE
"A_threshold",327,1600,1600,TRUE,TRUE,-0.0099932867443341,FALSE
"A_threshold",267,2800,1600,TRUE,TRUE,-0.0099932867443341,FALSE
"A_threshold",328,1000,1000,TRUE,TRUE,-0.0099932867443341,FALSE
"A_threshold",268,2800,1000,TRUE,TRUE,-0.0099932867443341,FALSE
"A_threshold",329,NA,NA,FALSE,FALSE,-0.0099932867443341,FALSE
"A_threshold",269,1600,1600,TRUE,TRUE,-0.0099932867443341,FALSE
"A_threshold",330,2800,1000,TRUE,TRUE,-0.0099932867443341,FALSE
"A_threshold",270,1000,1000,TRUE,TRUE,-0.0099932867443341,FALSE
"A_threshold",331,1000,1000,TRUE,TRUE,-0.0099932867443341,FALSE
"A_threshold",271,2200,1000,TRUE,TRUE,-0.0099932867443341,FALSE
"A_threshold",332,1000,1000,TRUE,TRUE,-0.0099932867443341,FALSE
"A_threshold",272,NA,3400,FALSE,TRUE,-0.0099932867443341,FALSE
"A_threshold",333,1000,1000,TRUE,TRUE,-0.0099932867443341,FALSE
"A_threshold",273,NA,1600,FALSE,TRUE,-0.0099932867443341,FALSE
"A_threshold",334,1000,1000,TRUE,TRUE,-0.0099932867443341,FALSE
"A_threshold",274,NA,1600,FALSE,TRUE,-0.0099932867443341,FALSE
"A_threshold",335,NA,1000,FALSE,TRUE,-0.0099932867443341,FALSE
"A_threshold",275,1000,1000,TRUE,TRUE,-0.0099932867443341,FALSE
"A_threshold",336,1600,1000,TRUE,TRUE,-0.0099932867443341,FALSE
"A_threshold",276,3400,1600,TRUE,TRUE,-0.0099932867443341,FALSE
"A_threshold",337,1000,1000,TRUE,TRUE,-0.0099932867443341,FALSE
"A_threshold",277,1000,1000,TRUE,TRUE,-0.0099932867443341,FALSE
"A_threshold",338,1000,1000,TRUE,TRUE,-0.0099932867443341,FALSE
"A_threshold",278,1000,1000,TRUE,TRUE,-0.0099932867443341,FALSE
"A_threshold",339,1000,1000,TRUE,TRUE,-0.0099932867443341,FALSE
"A_threshold",279,1000,1000,TRUE,TRUE,-0.0099932867443341,FALSE
"A_threshold",340,NA,2800,FALSE,TRUE,-0.0099932867443341,FALSE
"A_threshold",280,NA,2800,FALSE,TRUE,-0.0099932867443341,FALSE
"A_threshold",341,1000,1000,TRUE,TRUE,-0.0099932867443341,FALSE
"A_threshold",281,1000,1000,TRUE,TRUE,-0.0099932867443341,FALSE
"A_threshold",342,1000,1000,TRUE,TRUE,-0.0099932867443341,FALSE
"A_threshold",282,NA,2800,FALSE,TRUE,-0.0099932867443341,FALSE
"A_threshold",343,NA,NA,FALSE,FALSE,-0.0099932867443341,FALSE
"A_threshold",283,1000,1000,TRUE,TRUE,-0.0099932867443341,FALSE
"A_threshold",344,1000,1000,TRUE,TRUE,-0.0099932867443341,FALSE
"A_threshold",284,1000,1000,TRUE,TRUE,-0.0099932867443341,FALSE
"A_threshold",345,NA,2200,FALSE,TRUE,-0.0099932867443341,FALSE
"A_threshold",285,NA,1000,FALSE,TRUE,-0.0099932867443341,FALSE
"A_threshold",346,NA,NA,FALSE,FALSE,-0.0099932867443341,FALSE
"A_threshold",286,2200,1000,TRUE,TRUE,-0.0099932867443341,FALSE
"A_threshold",347,1000,1000,TRUE,TRUE,-0.0099932867443341,FALSE
"A_threshold",287,1000,1000,TRUE,TRUE,-0.0099932867443341,FALSE
"A_threshold",348,1000,1000,TRUE,TRUE,-0.0099932867443341,FALSE
"A_threshold",288,1600,1600,TRUE,TRUE,-0.0099932867443341,FALSE
"A_threshold",349,1000,1000,TRUE,TRUE,-0.0099932867443341,FALSE
"A_threshold",289,NA,1000,FALSE,TRUE,-0.0099932867443341,FALSE
"A_threshold",350,1000,1000,TRUE,TRUE,-0.0099932867443341,FALSE
"A_threshold",290,1600,1600,TRUE,TRUE,-0.0099932867443341,FALSE
"A_threshold",351,1600,1000,TRUE,TRUE,-0.0099932867443341,FALSE
"A_threshold",291,1600,1600,TRUE,TRUE,-0.0099932867443341,FALSE
"A_threshold",352,1000,1000,TRUE,TRUE,-0.0099932867443341,FALSE
"A_threshold",292,1000,1000,TRUE,TRUE,-0.0099932867443341,FALSE
"A_threshold",353,1000,1000,TRUE,TRUE,-0.0099932867443341,FALSE
"A_threshold",293,1000,1000,TRUE,TRUE,-0.0099932867443341,FALSE
"A_threshold",354,2800,1000,TRUE,TRUE,-0.0099932867443341,FALSE
"A_threshold",294,NA,1000,FALSE,TRUE,-0.0099932867443341,FALSE
"A_threshold",355,1000,1000,TRUE,TRUE,-0.0099932867443341,FALSE
"A_threshold",295,1000,1000,TRUE,TRUE,-0.0099932867443341,FALSE
"A_threshold",356,1000,1000,TRUE,TRUE,-0.0099932867443341,FALSE
"A_threshold",296,1000,1000,TRUE,TRUE,-0.0099932867443341,FALSE
"A_threshold",357,1000,1000,TRUE,TRUE,-0.0099932867443341,FALSE
"A_threshold",297,1000,1000,TRUE,TRUE,-0.0099932867443341,FALSE
"A_threshold",358,1000,1000,TRUE,TRUE,-0.0099932867443341,FALSE
"A_threshold",298,1000,1000,TRUE,TRUE,-0.0099932867443341,FALSE
"A_threshold",359,NA,1000,FALSE,TRUE,-0.0099932867443341,FALSE
"A_threshold",299,1000,1000,TRUE,TRUE,-0.0099932867443341,FALSE
"A_threshold",360,1000,1000,TRUE,TRUE,-0.0099932867443341,FALSE
"A_threshold",300,2200,1000,TRUE,TRUE,-0.0099932867443341,FALSE
"A_threshold",361,1000,1000,TRUE,TRUE,-0.0099932867443341,FALSE
"A_threshold",301,2200,1000,TRUE,TRUE,-0.0099932867443341,FALSE
"A_threshold",362,1000,1000,TRUE,TRUE,-0.0099932867443341,FALSE
"A_threshold",302,1000,1000,TRUE,TRUE,-0.0099932867443341,FALSE
"A_threshold",363,1000,1000,TRUE,TRUE,-0.0099932867443341,FALSE
"A_threshold",303,NA,3400,FALSE,TRUE,-0.0099932867443341,FALSE
"A_threshold",364,NA,2200,FALSE,TRUE,-0.0099932867443341,FALSE
"A_threshold",425,3400,1000,TRUE,TRUE,-0.0099932867443341,FALSE
"A_threshold",365,1000,1000,TRUE,TRUE,-0.0099932867443341,FALSE
"A_threshold",426,1000,1000,TRUE,TRUE,-0.0099932867443341,FALSE
"A_threshold",366,1000,1000,TRUE,TRUE,-0.0099932867443341,FALSE
"A_threshold",427,NA,1000,FALSE,TRUE,-0.0099932867443341,FALSE
"A_threshold",367,1000,1000,TRUE,TRUE,-0.0099932867443341,FALSE
"A_threshold",428,1000,1000,TRUE,TRUE,-0.0099932867443341,FALSE
"A_threshold",368,1600,1600,TRUE,TRUE,-0.0099932867443341,FALSE
"A_threshold",429,1000,1000,TRUE,TRUE,-0.0099932867443341,FALSE
"A_threshold",369,1000,1000,TRUE,TRUE,-0.0099932867443341,FALSE
"A_threshold",430,2200,1600,TRUE,TRUE,-0.0099932867443341,FALSE
"A_threshold",370,2200,1000,TRUE,TRUE,-0.0099932867443341,FALSE
"A_threshold",431,NA,1000,FALSE,TRUE,-0.0099932867443341,FALSE
"A_threshold",371,1000,1000,TRUE,TRUE,-0.0099932867443341,FALSE
"A_threshold",432,1600,1600,TRUE,TRUE,-0.0099932867443341,FALSE
"A_threshold",372,1600,1600,TRUE,TRUE,-0.0099932867443341,FALSE
"A_threshold",433,1000,1000,TRUE,TRUE,-0.0099932867443341,FALSE
"A_threshold",373,4000,2200,TRUE,TRUE,-0.0099932867443341,FALSE
"A_threshold",434,2200,1000,TRUE,TRUE,-0.0099932867443341,FALSE
"A_threshold",374,1000,1000,TRUE,TRUE,-0.0099932867443341,FALSE
"A_threshold",435,1000,1000,TRUE,TRUE,-0.0099932867443341,FALSE
"A_threshold",375,1600,1000,TRUE,TRUE,-0.0099932867443341,FALSE
"A_threshold",436,1600,1000,TRUE,TRUE,-0.0099932867443341,FALSE
"A_threshold",376,2200,2200,TRUE,TRUE,-0.0099932867443341,FALSE
"A_threshold",437,2800,1000,TRUE,TRUE,-0.0099932867443341,FALSE
"A_threshold",377,1000,1000,TRUE,TRUE,-0.0099932867443341,FALSE
"A_threshold",438,NA,3400,FALSE,TRUE,-0.0099932867443341,FALSE
"A_threshold",378,NA,1600,FALSE,TRUE,-0.0099932867443341,FALSE
"A_threshold",439,1000,1000,TRUE,TRUE,-0.0099932867443341,FALSE
"A_threshold",379,1000,1000,TRUE,TRUE,-0.0099932867443341,FALSE
"A_threshold",440,NA,NA,FALSE,FALSE,-0.0099932867443341,FALSE
"A_threshold",380,1000,1000,TRUE,TRUE,-0.0099932867443341,FALSE
"A_threshold",441,4000,1000,TRUE,TRUE,-0.0099932867443341,FALSE
"A_threshold",381,1000,1000,TRUE,TRUE,-0.0099932867443341,FALSE
"A_threshold",442,1000,1000,TRUE,TRUE,-0.0099932867443341,FALSE
"A_threshold",382,1000,1000,TRUE,TRUE,-0.0099932867443341,FALSE
"A_threshold",443,NA,3400,FALSE,TRUE,-0.0099932867443341,FALSE
"A_threshold",383,1600,1000,TRUE,TRUE,-0.0099932867443341,FALSE
"A_threshold",444,1000,1000,TRUE,TRUE,-0.0099932867443341,FALSE
"A_threshold",384,2200,1000,TRUE,TRUE,-0.0099932867443341,FALSE
"A_threshold",445,2800,1000,TRUE,TRUE,-0.0099932867443341,FALSE
"A_threshold",385,NA,4000,FALSE,TRUE,-0.0099932867443341,FALSE
"A_threshold",446,1000,1000,TRUE,TRUE,-0.0099932867443341,FALSE
"A_threshold",386,NA,2200,FALSE,TRUE,-0.0099932867443341,FALSE
"A_threshold",447,1000,1000,TRUE,TRUE,-0.0099932867443341,FALSE
"A_threshold",387,1000,1000,TRUE,TRUE,-0.0099932867443341,FALSE
"A_threshold",448,4000,1600,TRUE,TRUE,-0.0099932867443341,FALSE
"A_threshold",388,1000,1000,TRUE,TRUE,-0.0099932867443341,FALSE
"A_threshold",449,1000,1000,TRUE,TRUE,-0.0099932867443341,FALSE
"A_threshold",389,1000,1000,TRUE,TRUE,-0.0099932867443341,FALSE
"A_threshold",450,NA,2800,FALSE,TRUE,-0.0099932867443341,FALSE
"A_threshold",390,1000,1000,TRUE,TRUE,-0.0099932867443341,FALSE
"A_threshold",451,NA,1000,FALSE,TRUE,-0.0099932867443341,FALSE
"A_threshold",391,1600,1600,TRUE,TRUE,-0.0099932867443341,FALSE
"A_threshold",452,NA,NA,FALSE,FALSE,-0.0099932867443341,FALSE
"A_threshold",392,1000,1000,TRUE,TRUE,-0.0099932867443341,FALSE
"A_threshold",453,1600,1600,TRUE,TRUE,-0.0099932867443341,FALSE
"A_threshold",393,NA,2200,FALSE,TRUE,-0.0099932867443341,FALSE
"A_threshold",454,NA,3400,FALSE,TRUE,-0.0099932867443341,FALSE
"A_threshold",394,1000,1000,TRUE,TRUE,-0.0099932867443341,FALSE
"A_threshold",455,1000,1000,TRUE,TRUE,-0.0099932867443341,FALSE
"A_threshold",395,1000,1000,TRUE,TRUE,-0.0099932867443341,FALSE
"A_threshold",456,NA,1000,FALSE,TRUE,-0.0099932867443341,FALSE
"A_threshold",396,2200,1000,TRUE,TRUE,-0.0099932867443341,FALSE
"A_threshold",457,1600,1000,TRUE,TRUE,-0.0099932867443341,FALSE
"A_threshold",397,1000,1000,TRUE,TRUE,-0.0099932867443341,FALSE
"A_threshold",458,1000,1000,TRUE,TRUE,-0.0099932867443341,FALSE
"A_threshold",398,NA,1000,FALSE,TRUE,-0.0099932867443341,FALSE
"A_threshold",459,1600,1000,TRUE,TRUE,-0.0099932867443341,FALSE
"A_threshold",399,2200,1000,TRUE,TRUE,-0.0099932867443341,FALSE
"A_threshold",460,NA,1000,FALSE,TRUE,-0.0099932867443341,FALSE
"A_threshold",400,NA,3400,FALSE,TRUE,-0.0099932867443341,FALSE
"A_threshold",461,1600,1600,TRUE,TRUE,-0.0099932867443341,FALSE
"A_threshold",401,1600,1000,TRUE,TRUE,-0.0099932867443341,FALSE
"A_threshold",462,1000,1000,TRUE,TRUE,-0.0099932867443341,FALSE
"A_threshold",402,1000,1000,TRUE,TRUE,-0.0099932867443341,FALSE
"A_threshold",463,NA,1000,FALSE,TRUE,-0.0099932867443341,FALSE
"A_threshold",403,1000,1000,TRUE,TRUE,-0.0099932867443341,FALSE
"A_threshold",464,1000,1000,TRUE,TRUE,-0.0099932867443341,FALSE
"A_threshold",404,1000,1000,TRUE,TRUE,-0.0099932867443341,FALSE
"A_threshold",465,NA,1000,FALSE,TRUE,-0.0099932867443341,FALSE
"A_threshold",405,3400,1600,TRUE,TRUE,-0.0099932867443341,FALSE
"A_threshold",466,4000,1000,TRUE,TRUE,-0.0099932867443341,FALSE
"A_threshold",406,3400,1000,TRUE,TRUE,-0.0099932867443341,FALSE
"A_threshold",467,1000,1000,TRUE,TRUE,-0.0099932867443341,FALSE
"A_threshold",407,1000,1000,TRUE,TRUE,-0.0099932867443341,FALSE
"A_threshold",468,1600,1000,TRUE,TRUE,-0.0099932867443341,FALSE
"A_threshold",408,NA,1000,FALSE,TRUE,-0.0099932867443341,FALSE
"A_threshold",469,NA,3400,FALSE,TRUE,-0.0099932867443341,FALSE
"A_threshold",409,1600,1000,TRUE,TRUE,-0.0099932867443341,FALSE
"A_threshold",470,NA,1000,FALSE,TRUE,-0.0099932867443341,FALSE
"A_threshold",410,1000,1000,TRUE,TRUE,-0.0099932867443341,FALSE
"A_threshold",471,NA,NA,FALSE,FALSE,-0.0099932867443341,FALSE
"A_threshold",411,1000,1000,TRUE,TRUE,-0.0099932867443341,FALSE
"A_threshold",472,1000,1000,TRUE,TRUE,-0.0099932867443341,FALSE
"A_threshold",412,1000,1000,TRUE,TRUE,-0.0099932867443341,FALSE
"A_threshold",473,1000,1000,TRUE,TRUE,-0.0099932867443341,FALSE
"A_threshold",413,1000,1000,TRUE,TRUE,-0.0099932867443341,FALSE
"A_threshold",474,1000,1000,TRUE,TRUE,-0.0099932867443341,FALSE
"A_threshold",414,2200,1000,TRUE,TRUE,-0.0099932867443341,FALSE
"A_threshold",475,1600,1000,TRUE,TRUE,-0.0099932867443341,FALSE
"A_threshold",415,NA,NA,FALSE,FALSE,-0.0099932867443341,FALSE
"A_threshold",476,NA,1000,FALSE,TRUE,-0.0099932867443341,FALSE
"A_threshold",416,2200,1000,TRUE,TRUE,-0.0099932867443341,FALSE
"A_threshold",477,4000,2200,TRUE,TRUE,-0.0099932867443341,FALSE
"A_threshold",417,1000,1000,TRUE,TRUE,-0.0099932867443341,FALSE
"A_threshold",478,2200,2200,TRUE,TRUE,-0.0099932867443341,FALSE
"A_threshold",418,1000,1000,TRUE,TRUE,-0.0099932867443341,FALSE
"A_threshold",479,2800,1600,TRUE,TRUE,-0.0099932867443341,FALSE
"A_threshold",419,NA,1600,FALSE,TRUE,-0.0099932867443341,FALSE
"A_threshold",480,NA,2200,FALSE,TRUE,-0.0099932867443341,FALSE
"A_threshold",420,NA,NA,FALSE,FALSE,-0.0099932867443341,FALSE
"A_threshold",481,NA,1000,FALSE,TRUE,-0.0099932867443341,FALSE
"A_threshold",421,3400,1600,TRUE,TRUE,-0.0099932867443341,FALSE
"A_threshold",482,1000,1000,TRUE,TRUE,-0.0099932867443341,FALSE
"A_threshold",422,NA,1000,FALSE,TRUE,-0.0099932867443341,FALSE
"A_threshold",483,2200,1600,TRUE,TRUE,-0.0099932867443341,FALSE
"A_threshold",423,1000,1000,TRUE,TRUE,-0.0099932867443341,FALSE
"A_threshold",484,NA,NA,FALSE,FALSE,-0.0099932867443341,FALSE
"A_threshold",424,NA,NA,FALSE,FALSE,-0.0099932867443341,FALSE
"A_threshold",485,1000,1000,TRUE,TRUE,-0.0099932867443341,FALSE
"A_threshold",492,1000,1000,TRUE,TRUE,-0.0099932867443341,FALSE
"A_threshold",486,1000,1000,TRUE,TRUE,-0.0099932867443341,FALSE
"A_threshold",493,1000,1000,TRUE,TRUE,-0.0099932867443341,FALSE
"A_threshold",487,1000,1000,TRUE,TRUE,-0.0099932867443341,FALSE
"A_threshold",494,NA,NA,FALSE,FALSE,-0.0099932867443341,FALSE
"A_threshold",488,1600,1000,TRUE,TRUE,-0.0099932867443341,FALSE
"A_threshold",495,1000,1000,TRUE,TRUE,-0.0099932867443341,FALSE
"A_threshold",489,NA,2200,FALSE,TRUE,-0.0099932867443341,FALSE
"A_threshold",496,1000,1000,TRUE,TRUE,-0.0099932867443341,FALSE
"A_threshold",490,NA,1000,FALSE,TRUE,-0.0099932867443341,FALSE
"A_threshold",497,1000,1000,TRUE,TRUE,-0.0099932867443341,FALSE
"A_threshold",491,NA,2200,FALSE,TRUE,-0.0099932867443341,FALSE
"A_threshold",498,2800,1600,TRUE,TRUE,-0.0099932867443341,FALSE
"A_threshold",499,1000,1000,TRUE,TRUE,-0.0099932867443341,FALSE
"A_threshold",500,1000,1000,TRUE,TRUE,-0.0099932867443341,FALSE
"B_smooth_logistic",1,1000,1000,TRUE,TRUE,-0.037235483154617,TRUE
"B_smooth_logistic",2,1000,1000,TRUE,TRUE,-0.037235483154617,TRUE
"B_smooth_logistic",3,1000,1000,TRUE,TRUE,-0.037235483154617,TRUE
"B_smooth_logistic",10,1000,1000,TRUE,TRUE,-0.037235483154617,TRUE
"B_smooth_logistic",4,1000,1000,TRUE,TRUE,-0.037235483154617,TRUE
"B_smooth_logistic",11,1000,1000,TRUE,TRUE,-0.037235483154617,TRUE
"B_smooth_logistic",5,1000,1000,TRUE,TRUE,-0.037235483154617,TRUE
"B_smooth_logistic",12,1600,1000,TRUE,TRUE,-0.037235483154617,TRUE
"B_smooth_logistic",6,1000,1000,TRUE,TRUE,-0.037235483154617,TRUE
"B_smooth_logistic",13,1000,1000,TRUE,TRUE,-0.037235483154617,TRUE
"B_smooth_logistic",7,1600,1000,TRUE,TRUE,-0.037235483154617,TRUE
"B_smooth_logistic",14,1000,1000,TRUE,TRUE,-0.037235483154617,TRUE
"B_smooth_logistic",8,1600,1000,TRUE,TRUE,-0.037235483154617,TRUE
"B_smooth_logistic",15,1000,1000,TRUE,TRUE,-0.037235483154617,TRUE
"B_smooth_logistic",9,1000,1000,TRUE,TRUE,-0.037235483154617,TRUE
"B_smooth_logistic",16,1000,1000,TRUE,TRUE,-0.037235483154617,TRUE
"B_smooth_logistic",77,1000,1000,TRUE,TRUE,-0.037235483154617,TRUE
"B_smooth_logistic",17,1000,1000,TRUE,TRUE,-0.037235483154617,TRUE
"B_smooth_logistic",78,1000,1000,TRUE,TRUE,-0.037235483154617,TRUE
"B_smooth_logistic",18,1000,1000,TRUE,TRUE,-0.037235483154617,TRUE
"B_smooth_logistic",79,1000,1000,TRUE,TRUE,-0.037235483154617,TRUE
"B_smooth_logistic",19,1000,1000,TRUE,TRUE,-0.037235483154617,TRUE
"B_smooth_logistic",80,1000,1000,TRUE,TRUE,-0.037235483154617,TRUE
"B_smooth_logistic",20,1000,1000,TRUE,TRUE,-0.037235483154617,TRUE
"B_smooth_logistic",81,1000,1000,TRUE,TRUE,-0.037235483154617,TRUE
"B_smooth_logistic",21,1000,1000,TRUE,TRUE,-0.037235483154617,TRUE
"B_smooth_logistic",82,1000,1000,TRUE,TRUE,-0.037235483154617,TRUE
"B_smooth_logistic",22,1000,1000,TRUE,TRUE,-0.037235483154617,TRUE
"B_smooth_logistic",83,1000,1000,TRUE,TRUE,-0.037235483154617,TRUE
"B_smooth_logistic",23,1000,1000,TRUE,TRUE,-0.037235483154617,TRUE
"B_smooth_logistic",84,1000,1000,TRUE,TRUE,-0.037235483154617,TRUE
"B_smooth_logistic",24,1000,1000,TRUE,TRUE,-0.037235483154617,TRUE
"B_smooth_logistic",85,1000,1000,TRUE,TRUE,-0.037235483154617,TRUE
"B_smooth_logistic",25,1000,1000,TRUE,TRUE,-0.037235483154617,TRUE
"B_smooth_logistic",86,1000,1000,TRUE,TRUE,-0.037235483154617,TRUE
"B_smooth_logistic",26,1000,1000,TRUE,TRUE,-0.037235483154617,TRUE
"B_smooth_logistic",87,1000,1000,TRUE,TRUE,-0.037235483154617,TRUE
"B_smooth_logistic",27,1600,1000,TRUE,TRUE,-0.037235483154617,TRUE
"B_smooth_logistic",88,1000,1000,TRUE,TRUE,-0.037235483154617,TRUE
"B_smooth_logistic",28,1000,1000,TRUE,TRUE,-0.037235483154617,TRUE
"B_smooth_logistic",89,1000,1000,TRUE,TRUE,-0.037235483154617,TRUE
"B_smooth_logistic",29,1000,1000,TRUE,TRUE,-0.037235483154617,TRUE
"B_smooth_logistic",90,1000,1000,TRUE,TRUE,-0.037235483154617,TRUE
"B_smooth_logistic",30,1000,1000,TRUE,TRUE,-0.037235483154617,TRUE
"B_smooth_logistic",91,1000,1000,TRUE,TRUE,-0.037235483154617,TRUE
"B_smooth_logistic",31,1000,1000,TRUE,TRUE,-0.037235483154617,TRUE
"B_smooth_logistic",92,1000,1000,TRUE,TRUE,-0.037235483154617,TRUE
"B_smooth_logistic",32,1000,1000,TRUE,TRUE,-0.037235483154617,TRUE
"B_smooth_logistic",93,1000,1000,TRUE,TRUE,-0.037235483154617,TRUE
"B_smooth_logistic",33,1000,1000,TRUE,TRUE,-0.037235483154617,TRUE
"B_smooth_logistic",94,1000,1000,TRUE,TRUE,-0.037235483154617,TRUE
"B_smooth_logistic",34,1000,1000,TRUE,TRUE,-0.037235483154617,TRUE
"B_smooth_logistic",95,1000,1000,TRUE,TRUE,-0.037235483154617,TRUE
"B_smooth_logistic",35,1000,1000,TRUE,TRUE,-0.037235483154617,TRUE
"B_smooth_logistic",96,1000,1000,TRUE,TRUE,-0.037235483154617,TRUE
"B_smooth_logistic",36,1000,1000,TRUE,TRUE,-0.037235483154617,TRUE
"B_smooth_logistic",97,1000,1000,TRUE,TRUE,-0.037235483154617,TRUE
"B_smooth_logistic",37,1000,1000,TRUE,TRUE,-0.037235483154617,TRUE
"B_smooth_logistic",98,1000,1000,TRUE,TRUE,-0.037235483154617,TRUE
"B_smooth_logistic",38,1000,1000,TRUE,TRUE,-0.037235483154617,TRUE
"B_smooth_logistic",99,1000,1000,TRUE,TRUE,-0.037235483154617,TRUE
"B_smooth_logistic",39,1000,1000,TRUE,TRUE,-0.037235483154617,TRUE
"B_smooth_logistic",100,1000,1000,TRUE,TRUE,-0.037235483154617,TRUE
"B_smooth_logistic",40,1000,1000,TRUE,TRUE,-0.037235483154617,TRUE
"B_smooth_logistic",101,1000,1000,TRUE,TRUE,-0.037235483154617,TRUE
"B_smooth_logistic",41,1000,1000,TRUE,TRUE,-0.037235483154617,TRUE
"B_smooth_logistic",102,1000,1000,TRUE,TRUE,-0.037235483154617,TRUE
"B_smooth_logistic",42,1000,1000,TRUE,TRUE,-0.037235483154617,TRUE
"B_smooth_logistic",103,1000,1000,TRUE,TRUE,-0.037235483154617,TRUE
"B_smooth_logistic",43,1000,1000,TRUE,TRUE,-0.037235483154617,TRUE
"B_smooth_logistic",104,1000,1000,TRUE,TRUE,-0.037235483154617,TRUE
"B_smooth_logistic",44,1000,1000,TRUE,TRUE,-0.037235483154617,TRUE
"B_smooth_logistic",105,1000,1000,TRUE,TRUE,-0.037235483154617,TRUE
"B_smooth_logistic",45,1000,1000,TRUE,TRUE,-0.037235483154617,TRUE
"B_smooth_logistic",106,1000,1000,TRUE,TRUE,-0.037235483154617,TRUE
"B_smooth_logistic",46,1000,1000,TRUE,TRUE,-0.037235483154617,TRUE
"B_smooth_logistic",107,1000,1000,TRUE,TRUE,-0.037235483154617,TRUE
"B_smooth_logistic",47,1000,1000,TRUE,TRUE,-0.037235483154617,TRUE
"B_smooth_logistic",108,1000,1000,TRUE,TRUE,-0.037235483154617,TRUE
"B_smooth_logistic",48,1000,1000,TRUE,TRUE,-0.037235483154617,TRUE
"B_smooth_logistic",109,1000,1000,TRUE,TRUE,-0.037235483154617,TRUE
"B_smooth_logistic",49,1600,1000,TRUE,TRUE,-0.037235483154617,TRUE
"B_smooth_logistic",110,1000,1000,TRUE,TRUE,-0.037235483154617,TRUE
"B_smooth_logistic",50,1000,1000,TRUE,TRUE,-0.037235483154617,TRUE
"B_smooth_logistic",111,1000,1000,TRUE,TRUE,-0.037235483154617,TRUE
"B_smooth_logistic",51,1000,1000,TRUE,TRUE,-0.037235483154617,TRUE
"B_smooth_logistic",112,1000,1000,TRUE,TRUE,-0.037235483154617,TRUE
"B_smooth_logistic",52,1000,1000,TRUE,TRUE,-0.037235483154617,TRUE
"B_smooth_logistic",113,1000,1000,TRUE,TRUE,-0.037235483154617,TRUE
"B_smooth_logistic",53,1000,1000,TRUE,TRUE,-0.037235483154617,TRUE
"B_smooth_logistic",114,1000,1000,TRUE,TRUE,-0.037235483154617,TRUE
"B_smooth_logistic",54,1000,1000,TRUE,TRUE,-0.037235483154617,TRUE
"B_smooth_logistic",115,1000,1000,TRUE,TRUE,-0.037235483154617,TRUE
"B_smooth_logistic",55,1600,1000,TRUE,TRUE,-0.037235483154617,TRUE
"B_smooth_logistic",116,1000,1000,TRUE,TRUE,-0.037235483154617,TRUE
"B_smooth_logistic",56,1000,1000,TRUE,TRUE,-0.037235483154617,TRUE
"B_smooth_logistic",117,1000,1000,TRUE,TRUE,-0.037235483154617,TRUE
"B_smooth_logistic",57,1000,1000,TRUE,TRUE,-0.037235483154617,TRUE
"B_smooth_logistic",118,1000,1000,TRUE,TRUE,-0.037235483154617,TRUE
"B_smooth_logistic",58,1000,1000,TRUE,TRUE,-0.037235483154617,TRUE
"B_smooth_logistic",119,1000,1000,TRUE,TRUE,-0.037235483154617,TRUE
"B_smooth_logistic",59,1600,1000,TRUE,TRUE,-0.037235483154617,TRUE
"B_smooth_logistic",120,1000,1000,TRUE,TRUE,-0.037235483154617,TRUE
"B_smooth_logistic",60,1000,1000,TRUE,TRUE,-0.037235483154617,TRUE
"B_smooth_logistic",121,1000,1000,TRUE,TRUE,-0.037235483154617,TRUE
"B_smooth_logistic",61,1000,1000,TRUE,TRUE,-0.037235483154617,TRUE
"B_smooth_logistic",122,1000,1000,TRUE,TRUE,-0.037235483154617,TRUE
"B_smooth_logistic",62,1600,1000,TRUE,TRUE,-0.037235483154617,TRUE
"B_smooth_logistic",123,1000,1000,TRUE,TRUE,-0.037235483154617,TRUE
"B_smooth_logistic",63,1000,1000,TRUE,TRUE,-0.037235483154617,TRUE
"B_smooth_logistic",124,1000,1000,TRUE,TRUE,-0.037235483154617,TRUE
"B_smooth_logistic",64,1000,1000,TRUE,TRUE,-0.037235483154617,TRUE
"B_smooth_logistic",125,1000,1000,TRUE,TRUE,-0.037235483154617,TRUE
"B_smooth_logistic",65,1000,1000,TRUE,TRUE,-0.037235483154617,TRUE
"B_smooth_logistic",126,1000,1000,TRUE,TRUE,-0.037235483154617,TRUE
"B_smooth_logistic",66,1000,1000,TRUE,TRUE,-0.037235483154617,TRUE
"B_smooth_logistic",127,1000,1000,TRUE,TRUE,-0.037235483154617,TRUE
"B_smooth_logistic",67,1000,1000,TRUE,TRUE,-0.037235483154617,TRUE
"B_smooth_logistic",128,1600,1000,TRUE,TRUE,-0.037235483154617,TRUE
"B_smooth_logistic",68,1000,1000,TRUE,TRUE,-0.037235483154617,TRUE
"B_smooth_logistic",129,1000,1000,TRUE,TRUE,-0.037235483154617,TRUE
"B_smooth_logistic",69,1000,1000,TRUE,TRUE,-0.037235483154617,TRUE
"B_smooth_logistic",130,1000,1000,TRUE,TRUE,-0.037235483154617,TRUE
"B_smooth_logistic",70,1000,1000,TRUE,TRUE,-0.037235483154617,TRUE
"B_smooth_logistic",131,1000,1000,TRUE,TRUE,-0.037235483154617,TRUE
"B_smooth_logistic",71,1600,1000,TRUE,TRUE,-0.037235483154617,TRUE
"B_smooth_logistic",132,1000,1000,TRUE,TRUE,-0.037235483154617,TRUE
"B_smooth_logistic",72,1000,1000,TRUE,TRUE,-0.037235483154617,TRUE
"B_smooth_logistic",133,1000,1000,TRUE,TRUE,-0.037235483154617,TRUE
"B_smooth_logistic",73,1000,1000,TRUE,TRUE,-0.037235483154617,TRUE
"B_smooth_logistic",134,1000,1000,TRUE,TRUE,-0.037235483154617,TRUE
"B_smooth_logistic",74,1000,1000,TRUE,TRUE,-0.037235483154617,TRUE
"B_smooth_logistic",135,1000,1000,TRUE,TRUE,-0.037235483154617,TRUE
"B_smooth_logistic",75,1000,1000,TRUE,TRUE,-0.037235483154617,TRUE
"B_smooth_logistic",136,1000,1000,TRUE,TRUE,-0.037235483154617,TRUE
"B_smooth_logistic",76,1000,1000,TRUE,TRUE,-0.037235483154617,TRUE
"B_smooth_logistic",137,1000,1000,TRUE,TRUE,-0.037235483154617,TRUE
"B_smooth_logistic",198,1000,1000,TRUE,TRUE,-0.037235483154617,TRUE
"B_smooth_logistic",138,1000,1000,TRUE,TRUE,-0.037235483154617,TRUE
"B_smooth_logistic",199,1000,1000,TRUE,TRUE,-0.037235483154617,TRUE
"B_smooth_logistic",139,1000,1000,TRUE,TRUE,-0.037235483154617,TRUE
"B_smooth_logistic",200,1000,1000,TRUE,TRUE,-0.037235483154617,TRUE
"B_smooth_logistic",140,1000,1000,TRUE,TRUE,-0.037235483154617,TRUE
"B_smooth_logistic",201,1000,1000,TRUE,TRUE,-0.037235483154617,TRUE
"B_smooth_logistic",141,1000,1000,TRUE,TRUE,-0.037235483154617,TRUE
"B_smooth_logistic",202,1000,1000,TRUE,TRUE,-0.037235483154617,TRUE
"B_smooth_logistic",142,1000,1000,TRUE,TRUE,-0.037235483154617,TRUE
"B_smooth_logistic",203,1000,1000,TRUE,TRUE,-0.037235483154617,TRUE
"B_smooth_logistic",143,1000,1000,TRUE,TRUE,-0.037235483154617,TRUE
"B_smooth_logistic",204,1000,1000,TRUE,TRUE,-0.037235483154617,TRUE
"B_smooth_logistic",144,1000,1000,TRUE,TRUE,-0.037235483154617,TRUE
"B_smooth_logistic",205,1000,1000,TRUE,TRUE,-0.037235483154617,TRUE
"B_smooth_logistic",145,1000,1000,TRUE,TRUE,-0.037235483154617,TRUE
"B_smooth_logistic",206,1000,1000,TRUE,TRUE,-0.037235483154617,TRUE
"B_smooth_logistic",146,1000,1000,TRUE,TRUE,-0.037235483154617,TRUE
"B_smooth_logistic",207,1000,1000,TRUE,TRUE,-0.037235483154617,TRUE
"B_smooth_logistic",147,1000,1000,TRUE,TRUE,-0.037235483154617,TRUE
"B_smooth_logistic",208,2200,1000,TRUE,TRUE,-0.037235483154617,TRUE
"B_smooth_logistic",148,1000,1000,TRUE,TRUE,-0.037235483154617,TRUE
"B_smooth_logistic",209,1000,1000,TRUE,TRUE,-0.037235483154617,TRUE
"B_smooth_logistic",149,1000,1000,TRUE,TRUE,-0.037235483154617,TRUE
"B_smooth_logistic",210,1000,1000,TRUE,TRUE,-0.037235483154617,TRUE
"B_smooth_logistic",150,1000,1000,TRUE,TRUE,-0.037235483154617,TRUE
"B_smooth_logistic",211,1000,1000,TRUE,TRUE,-0.037235483154617,TRUE
"B_smooth_logistic",151,1000,1000,TRUE,TRUE,-0.037235483154617,TRUE
"B_smooth_logistic",212,1000,1000,TRUE,TRUE,-0.037235483154617,TRUE
"B_smooth_logistic",152,1000,1000,TRUE,TRUE,-0.037235483154617,TRUE
"B_smooth_logistic",213,1000,1000,TRUE,TRUE,-0.037235483154617,TRUE
"B_smooth_logistic",153,1000,1000,TRUE,TRUE,-0.037235483154617,TRUE
"B_smooth_logistic",214,1000,1000,TRUE,TRUE,-0.037235483154617,TRUE
"B_smooth_logistic",154,1000,1000,TRUE,TRUE,-0.037235483154617,TRUE
"B_smooth_logistic",215,1000,1000,TRUE,TRUE,-0.037235483154617,TRUE
"B_smooth_logistic",155,1600,1600,TRUE,TRUE,-0.037235483154617,TRUE
"B_smooth_logistic",216,1000,1000,TRUE,TRUE,-0.037235483154617,TRUE
"B_smooth_logistic",156,1000,1000,TRUE,TRUE,-0.037235483154617,TRUE
"B_smooth_logistic",217,1000,1000,TRUE,TRUE,-0.037235483154617,TRUE
"B_smooth_logistic",157,1000,1000,TRUE,TRUE,-0.037235483154617,TRUE
"B_smooth_logistic",218,1000,1000,TRUE,TRUE,-0.037235483154617,TRUE
"B_smooth_logistic",158,1000,1000,TRUE,TRUE,-0.037235483154617,TRUE
"B_smooth_logistic",219,1000,1000,TRUE,TRUE,-0.037235483154617,TRUE
"B_smooth_logistic",159,1000,1000,TRUE,TRUE,-0.037235483154617,TRUE
"B_smooth_logistic",220,1000,1000,TRUE,TRUE,-0.037235483154617,TRUE
"B_smooth_logistic",160,1000,1000,TRUE,TRUE,-0.037235483154617,TRUE
"B_smooth_logistic",221,1000,1000,TRUE,TRUE,-0.037235483154617,TRUE
"B_smooth_logistic",161,1000,1000,TRUE,TRUE,-0.037235483154617,TRUE
"B_smooth_logistic",222,2200,1000,TRUE,TRUE,-0.037235483154617,TRUE
"B_smooth_logistic",162,1000,1000,TRUE,TRUE,-0.037235483154617,TRUE
"B_smooth_logistic",223,1600,1000,TRUE,TRUE,-0.037235483154617,TRUE
"B_smooth_logistic",163,1000,1000,TRUE,TRUE,-0.037235483154617,TRUE
"B_smooth_logistic",224,1000,1000,TRUE,TRUE,-0.037235483154617,TRUE
"B_smooth_logistic",164,1600,1000,TRUE,TRUE,-0.037235483154617,TRUE
"B_smooth_logistic",225,1000,1000,TRUE,TRUE,-0.037235483154617,TRUE
"B_smooth_logistic",165,1000,1000,TRUE,TRUE,-0.037235483154617,TRUE
"B_smooth_logistic",226,1000,1000,TRUE,TRUE,-0.037235483154617,TRUE
"B_smooth_logistic",166,1000,1000,TRUE,TRUE,-0.037235483154617,TRUE
"B_smooth_logistic",227,1000,1000,TRUE,TRUE,-0.037235483154617,TRUE
"B_smooth_logistic",167,1000,1000,TRUE,TRUE,-0.037235483154617,TRUE
"B_smooth_logistic",228,1000,1000,TRUE,TRUE,-0.037235483154617,TRUE
"B_smooth_logistic",168,1000,1000,TRUE,TRUE,-0.037235483154617,TRUE
"B_smooth_logistic",229,1000,1000,TRUE,TRUE,-0.037235483154617,TRUE
"B_smooth_logistic",169,1000,1000,TRUE,TRUE,-0.037235483154617,TRUE
"B_smooth_logistic",230,1000,1000,TRUE,TRUE,-0.037235483154617,TRUE
"B_smooth_logistic",170,1000,1000,TRUE,TRUE,-0.037235483154617,TRUE
"B_smooth_logistic",231,1000,1000,TRUE,TRUE,-0.037235483154617,TRUE
"B_smooth_logistic",171,1000,1000,TRUE,TRUE,-0.037235483154617,TRUE
"B_smooth_logistic",232,1000,1000,TRUE,TRUE,-0.037235483154617,TRUE
"B_smooth_logistic",172,1000,1000,TRUE,TRUE,-0.037235483154617,TRUE
"B_smooth_logistic",233,1600,1000,TRUE,TRUE,-0.037235483154617,TRUE
"B_smooth_logistic",173,1000,1000,TRUE,TRUE,-0.037235483154617,TRUE
"B_smooth_logistic",234,1000,1000,TRUE,TRUE,-0.037235483154617,TRUE
"B_smooth_logistic",174,1000,1000,TRUE,TRUE,-0.037235483154617,TRUE
"B_smooth_logistic",235,1000,1000,TRUE,TRUE,-0.037235483154617,TRUE
"B_smooth_logistic",175,1000,1000,TRUE,TRUE,-0.037235483154617,TRUE
"B_smooth_logistic",236,1000,1000,TRUE,TRUE,-0.037235483154617,TRUE
"B_smooth_logistic",176,1000,1000,TRUE,TRUE,-0.037235483154617,TRUE
"B_smooth_logistic",237,1000,1000,TRUE,TRUE,-0.037235483154617,TRUE
"B_smooth_logistic",177,1000,1000,TRUE,TRUE,-0.037235483154617,TRUE
"B_smooth_logistic",238,1000,1000,TRUE,TRUE,-0.037235483154617,TRUE
"B_smooth_logistic",178,1000,1000,TRUE,TRUE,-0.037235483154617,TRUE
"B_smooth_logistic",239,1000,1000,TRUE,TRUE,-0.037235483154617,TRUE
"B_smooth_logistic",179,1000,1000,TRUE,TRUE,-0.037235483154617,TRUE
"B_smooth_logistic",240,1000,1000,TRUE,TRUE,-0.037235483154617,TRUE
"B_smooth_logistic",180,1000,1000,TRUE,TRUE,-0.037235483154617,TRUE
"B_smooth_logistic",241,1000,1000,TRUE,TRUE,-0.037235483154617,TRUE
"B_smooth_logistic",181,1000,1000,TRUE,TRUE,-0.037235483154617,TRUE
"B_smooth_logistic",242,1000,1000,TRUE,TRUE,-0.037235483154617,TRUE
"B_smooth_logistic",182,1000,1000,TRUE,TRUE,-0.037235483154617,TRUE
"B_smooth_logistic",243,1000,1000,TRUE,TRUE,-0.037235483154617,TRUE
"B_smooth_logistic",183,1000,1000,TRUE,TRUE,-0.037235483154617,TRUE
"B_smooth_logistic",244,1000,1000,TRUE,TRUE,-0.037235483154617,TRUE
"B_smooth_logistic",184,1000,1000,TRUE,TRUE,-0.037235483154617,TRUE
"B_smooth_logistic",245,1600,1000,TRUE,TRUE,-0.037235483154617,TRUE
"B_smooth_logistic",185,1000,1000,TRUE,TRUE,-0.037235483154617,TRUE
"B_smooth_logistic",246,1000,1000,TRUE,TRUE,-0.037235483154617,TRUE
"B_smooth_logistic",186,1000,1000,TRUE,TRUE,-0.037235483154617,TRUE
"B_smooth_logistic",247,1000,1000,TRUE,TRUE,-0.037235483154617,TRUE
"B_smooth_logistic",187,1000,1000,TRUE,TRUE,-0.037235483154617,TRUE
"B_smooth_logistic",248,1000,1000,TRUE,TRUE,-0.037235483154617,TRUE
"B_smooth_logistic",188,1000,1000,TRUE,TRUE,-0.037235483154617,TRUE
"B_smooth_logistic",249,1000,1000,TRUE,TRUE,-0.037235483154617,TRUE
"B_smooth_logistic",189,1000,1000,TRUE,TRUE,-0.037235483154617,TRUE
"B_smooth_logistic",250,1000,1000,TRUE,TRUE,-0.037235483154617,TRUE
"B_smooth_logistic",190,1000,1000,TRUE,TRUE,-0.037235483154617,TRUE
"B_smooth_logistic",251,1000,1000,TRUE,TRUE,-0.037235483154617,TRUE
"B_smooth_logistic",191,1600,1000,TRUE,TRUE,-0.037235483154617,TRUE
"B_smooth_logistic",252,1000,1000,TRUE,TRUE,-0.037235483154617,TRUE
"B_smooth_logistic",192,1000,1000,TRUE,TRUE,-0.037235483154617,TRUE
"B_smooth_logistic",253,1000,1000,TRUE,TRUE,-0.037235483154617,TRUE
"B_smooth_logistic",193,1000,1000,TRUE,TRUE,-0.037235483154617,TRUE
"B_smooth_logistic",254,1000,1000,TRUE,TRUE,-0.037235483154617,TRUE
"B_smooth_logistic",194,1000,1000,TRUE,TRUE,-0.037235483154617,TRUE
"B_smooth_logistic",255,1000,1000,TRUE,TRUE,-0.037235483154617,TRUE
"B_smooth_logistic",195,1000,1000,TRUE,TRUE,-0.037235483154617,TRUE
"B_smooth_logistic",256,1000,1000,TRUE,TRUE,-0.037235483154617,TRUE
"B_smooth_logistic",196,1000,1000,TRUE,TRUE,-0.037235483154617,TRUE
"B_smooth_logistic",257,1000,1000,TRUE,TRUE,-0.037235483154617,TRUE
"B_smooth_logistic",197,1000,1000,TRUE,TRUE,-0.037235483154617,TRUE
"B_smooth_logistic",258,1000,1000,TRUE,TRUE,-0.037235483154617,TRUE
"B_smooth_logistic",319,1000,1000,TRUE,TRUE,-0.037235483154617,TRUE
"B_smooth_logistic",259,1600,1000,TRUE,TRUE,-0.037235483154617,TRUE
"B_smooth_logistic",320,1000,1000,TRUE,TRUE,-0.037235483154617,TRUE
"B_smooth_logistic",260,1000,1000,TRUE,TRUE,-0.037235483154617,TRUE
"B_smooth_logistic",321,1000,1000,TRUE,TRUE,-0.037235483154617,TRUE
"B_smooth_logistic",261,1000,1000,TRUE,TRUE,-0.037235483154617,TRUE
"B_smooth_logistic",322,1000,1000,TRUE,TRUE,-0.037235483154617,TRUE
"B_smooth_logistic",262,2200,1000,TRUE,TRUE,-0.037235483154617,TRUE
"B_smooth_logistic",323,1000,1000,TRUE,TRUE,-0.037235483154617,TRUE
"B_smooth_logistic",263,NA,1600,FALSE,TRUE,-0.037235483154617,TRUE
"B_smooth_logistic",324,1000,1000,TRUE,TRUE,-0.037235483154617,TRUE
"B_smooth_logistic",264,1000,1000,TRUE,TRUE,-0.037235483154617,TRUE
"B_smooth_logistic",325,1000,1000,TRUE,TRUE,-0.037235483154617,TRUE
"B_smooth_logistic",265,1000,1000,TRUE,TRUE,-0.037235483154617,TRUE
"B_smooth_logistic",326,1000,1000,TRUE,TRUE,-0.037235483154617,TRUE
"B_smooth_logistic",266,1000,1000,TRUE,TRUE,-0.037235483154617,TRUE
"B_smooth_logistic",327,1000,1000,TRUE,TRUE,-0.037235483154617,TRUE
"B_smooth_logistic",267,1000,1000,TRUE,TRUE,-0.037235483154617,TRUE
"B_smooth_logistic",328,1000,1000,TRUE,TRUE,-0.037235483154617,TRUE
"B_smooth_logistic",268,1000,1000,TRUE,TRUE,-0.037235483154617,TRUE
"B_smooth_logistic",329,1000,1000,TRUE,TRUE,-0.037235483154617,TRUE
"B_smooth_logistic",269,1000,1000,TRUE,TRUE,-0.037235483154617,TRUE
"B_smooth_logistic",330,1000,1000,TRUE,TRUE,-0.037235483154617,TRUE
"B_smooth_logistic",270,1000,1000,TRUE,TRUE,-0.037235483154617,TRUE
"B_smooth_logistic",331,1000,1000,TRUE,TRUE,-0.037235483154617,TRUE
"B_smooth_logistic",271,1000,1000,TRUE,TRUE,-0.037235483154617,TRUE
"B_smooth_logistic",332,1000,1000,TRUE,TRUE,-0.037235483154617,TRUE
"B_smooth_logistic",272,1000,1000,TRUE,TRUE,-0.037235483154617,TRUE
"B_smooth_logistic",333,1000,1000,TRUE,TRUE,-0.037235483154617,TRUE
"B_smooth_logistic",273,1000,1000,TRUE,TRUE,-0.037235483154617,TRUE
"B_smooth_logistic",334,1000,1000,TRUE,TRUE,-0.037235483154617,TRUE
"B_smooth_logistic",274,1000,1000,TRUE,TRUE,-0.037235483154617,TRUE
"B_smooth_logistic",335,1000,1000,TRUE,TRUE,-0.037235483154617,TRUE
"B_smooth_logistic",275,1000,1000,TRUE,TRUE,-0.037235483154617,TRUE
"B_smooth_logistic",336,1000,1000,TRUE,TRUE,-0.037235483154617,TRUE
"B_smooth_logistic",276,1000,1000,TRUE,TRUE,-0.037235483154617,TRUE
"B_smooth_logistic",337,1000,1000,TRUE,TRUE,-0.037235483154617,TRUE
"B_smooth_logistic",277,1000,1000,TRUE,TRUE,-0.037235483154617,TRUE
"B_smooth_logistic",338,1600,1000,TRUE,TRUE,-0.037235483154617,TRUE
"B_smooth_logistic",278,1000,1000,TRUE,TRUE,-0.037235483154617,TRUE
"B_smooth_logistic",339,1600,1000,TRUE,TRUE,-0.037235483154617,TRUE
"B_smooth_logistic",279,1000,1000,TRUE,TRUE,-0.037235483154617,TRUE
"B_smooth_logistic",340,1000,1000,TRUE,TRUE,-0.037235483154617,TRUE
"B_smooth_logistic",280,1000,1000,TRUE,TRUE,-0.037235483154617,TRUE
"B_smooth_logistic",341,1000,1000,TRUE,TRUE,-0.037235483154617,TRUE
"B_smooth_logistic",281,1000,1000,TRUE,TRUE,-0.037235483154617,TRUE
"B_smooth_logistic",342,1000,1000,TRUE,TRUE,-0.037235483154617,TRUE
"B_smooth_logistic",282,1000,1000,TRUE,TRUE,-0.037235483154617,TRUE
"B_smooth_logistic",343,1000,1000,TRUE,TRUE,-0.037235483154617,TRUE
"B_smooth_logistic",283,1000,1000,TRUE,TRUE,-0.037235483154617,TRUE
"B_smooth_logistic",344,1000,1000,TRUE,TRUE,-0.037235483154617,TRUE
"B_smooth_logistic",284,1000,1000,TRUE,TRUE,-0.037235483154617,TRUE
"B_smooth_logistic",345,1000,1000,TRUE,TRUE,-0.037235483154617,TRUE
"B_smooth_logistic",285,1000,1000,TRUE,TRUE,-0.037235483154617,TRUE
"B_smooth_logistic",346,1000,1000,TRUE,TRUE,-0.037235483154617,TRUE
"B_smooth_logistic",286,1000,1000,TRUE,TRUE,-0.037235483154617,TRUE
"B_smooth_logistic",347,1000,1000,TRUE,TRUE,-0.037235483154617,TRUE
"B_smooth_logistic",287,1000,1000,TRUE,TRUE,-0.037235483154617,TRUE
"B_smooth_logistic",348,1000,1000,TRUE,TRUE,-0.037235483154617,TRUE
"B_smooth_logistic",288,1000,1000,TRUE,TRUE,-0.037235483154617,TRUE
"B_smooth_logistic",349,1000,1000,TRUE,TRUE,-0.037235483154617,TRUE
"B_smooth_logistic",289,1000,1000,TRUE,TRUE,-0.037235483154617,TRUE
"B_smooth_logistic",350,1000,1000,TRUE,TRUE,-0.037235483154617,TRUE
"B_smooth_logistic",290,1600,1000,TRUE,TRUE,-0.037235483154617,TRUE
"B_smooth_logistic",351,1000,1000,TRUE,TRUE,-0.037235483154617,TRUE
"B_smooth_logistic",291,1000,1000,TRUE,TRUE,-0.037235483154617,TRUE
"B_smooth_logistic",352,1000,1000,TRUE,TRUE,-0.037235483154617,TRUE
"B_smooth_logistic",292,1000,1000,TRUE,TRUE,-0.037235483154617,TRUE
"B_smooth_logistic",353,1000,1000,TRUE,TRUE,-0.037235483154617,TRUE
"B_smooth_logistic",293,1000,1000,TRUE,TRUE,-0.037235483154617,TRUE
"B_smooth_logistic",354,1000,1000,TRUE,TRUE,-0.037235483154617,TRUE
"B_smooth_logistic",294,1000,1000,TRUE,TRUE,-0.037235483154617,TRUE
"B_smooth_logistic",355,1000,1000,TRUE,TRUE,-0.037235483154617,TRUE
"B_smooth_logistic",295,1000,1000,TRUE,TRUE,-0.037235483154617,TRUE
"B_smooth_logistic",356,1000,1000,TRUE,TRUE,-0.037235483154617,TRUE
"B_smooth_logistic",296,1000,1000,TRUE,TRUE,-0.037235483154617,TRUE
"B_smooth_logistic",357,1000,1000,TRUE,TRUE,-0.037235483154617,TRUE
"B_smooth_logistic",297,1000,1000,TRUE,TRUE,-0.037235483154617,TRUE
"B_smooth_logistic",358,1600,1000,TRUE,TRUE,-0.037235483154617,TRUE
"B_smooth_logistic",298,1000,1000,TRUE,TRUE,-0.037235483154617,TRUE
"B_smooth_logistic",359,1000,1000,TRUE,TRUE,-0.037235483154617,TRUE
"B_smooth_logistic",299,1000,1000,TRUE,TRUE,-0.037235483154617,TRUE
"B_smooth_logistic",360,1000,1000,TRUE,TRUE,-0.037235483154617,TRUE
"B_smooth_logistic",300,1000,1000,TRUE,TRUE,-0.037235483154617,TRUE
"B_smooth_logistic",361,1000,1000,TRUE,TRUE,-0.037235483154617,TRUE
"B_smooth_logistic",301,1000,1000,TRUE,TRUE,-0.037235483154617,TRUE
"B_smooth_logistic",362,1000,1000,TRUE,TRUE,-0.037235483154617,TRUE
"B_smooth_logistic",302,1000,1000,TRUE,TRUE,-0.037235483154617,TRUE
"B_smooth_logistic",363,1000,1000,TRUE,TRUE,-0.037235483154617,TRUE
"B_smooth_logistic",303,1000,1000,TRUE,TRUE,-0.037235483154617,TRUE
"B_smooth_logistic",364,1000,1000,TRUE,TRUE,-0.037235483154617,TRUE
"B_smooth_logistic",304,1000,1000,TRUE,TRUE,-0.037235483154617,TRUE
"B_smooth_logistic",365,1000,1000,TRUE,TRUE,-0.037235483154617,TRUE
"B_smooth_logistic",305,1000,1000,TRUE,TRUE,-0.037235483154617,TRUE
"B_smooth_logistic",366,1000,1000,TRUE,TRUE,-0.037235483154617,TRUE
"B_smooth_logistic",306,1600,1000,TRUE,TRUE,-0.037235483154617,TRUE
"B_smooth_logistic",367,1000,1000,TRUE,TRUE,-0.037235483154617,TRUE
"B_smooth_logistic",307,1000,1000,TRUE,TRUE,-0.037235483154617,TRUE
"B_smooth_logistic",368,1000,1000,TRUE,TRUE,-0.037235483154617,TRUE
"B_smooth_logistic",308,1000,1000,TRUE,TRUE,-0.037235483154617,TRUE
"B_smooth_logistic",369,1000,1000,TRUE,TRUE,-0.037235483154617,TRUE
"B_smooth_logistic",309,1000,1000,TRUE,TRUE,-0.037235483154617,TRUE
"B_smooth_logistic",370,1000,1000,TRUE,TRUE,-0.037235483154617,TRUE
"B_smooth_logistic",310,1000,1000,TRUE,TRUE,-0.037235483154617,TRUE
"B_smooth_logistic",371,2200,1600,TRUE,TRUE,-0.037235483154617,TRUE
"B_smooth_logistic",311,1000,1000,TRUE,TRUE,-0.037235483154617,TRUE
"B_smooth_logistic",372,1000,1000,TRUE,TRUE,-0.037235483154617,TRUE
"B_smooth_logistic",312,1000,1000,TRUE,TRUE,-0.037235483154617,TRUE
"B_smooth_logistic",373,1000,1000,TRUE,TRUE,-0.037235483154617,TRUE
"B_smooth_logistic",313,1000,1000,TRUE,TRUE,-0.037235483154617,TRUE
"B_smooth_logistic",374,1000,1000,TRUE,TRUE,-0.037235483154617,TRUE
"B_smooth_logistic",314,1000,1000,TRUE,TRUE,-0.037235483154617,TRUE
"B_smooth_logistic",375,1000,1000,TRUE,TRUE,-0.037235483154617,TRUE
"B_smooth_logistic",315,1000,1000,TRUE,TRUE,-0.037235483154617,TRUE
"B_smooth_logistic",376,1000,1000,TRUE,TRUE,-0.037235483154617,TRUE
"B_smooth_logistic",316,1000,1000,TRUE,TRUE,-0.037235483154617,TRUE
"B_smooth_logistic",377,1000,1000,TRUE,TRUE,-0.037235483154617,TRUE
"B_smooth_logistic",317,1000,1000,TRUE,TRUE,-0.037235483154617,TRUE
"B_smooth_logistic",378,1000,1000,TRUE,TRUE,-0.037235483154617,TRUE
"B_smooth_logistic",318,1000,1000,TRUE,TRUE,-0.037235483154617,TRUE
"B_smooth_logistic",379,1000,1000,TRUE,TRUE,-0.037235483154617,TRUE
"B_smooth_logistic",440,1000,1000,TRUE,TRUE,-0.037235483154617,TRUE
"B_smooth_logistic",380,1000,1000,TRUE,TRUE,-0.037235483154617,TRUE
"B_smooth_logistic",441,1000,1000,TRUE,TRUE,-0.037235483154617,TRUE
"B_smooth_logistic",381,1000,1000,TRUE,TRUE,-0.037235483154617,TRUE
"B_smooth_logistic",442,1000,1000,TRUE,TRUE,-0.037235483154617,TRUE
"B_smooth_logistic",382,1000,1000,TRUE,TRUE,-0.037235483154617,TRUE
"B_smooth_logistic",443,1000,1000,TRUE,TRUE,-0.037235483154617,TRUE
"B_smooth_logistic",383,1000,1000,TRUE,TRUE,-0.037235483154617,TRUE
"B_smooth_logistic",444,1000,1000,TRUE,TRUE,-0.037235483154617,TRUE
"B_smooth_logistic",384,1000,1000,TRUE,TRUE,-0.037235483154617,TRUE
"B_smooth_logistic",445,1000,1000,TRUE,TRUE,-0.037235483154617,TRUE
"B_smooth_logistic",385,1000,1000,TRUE,TRUE,-0.037235483154617,TRUE
"B_smooth_logistic",446,1000,1000,TRUE,TRUE,-0.037235483154617,TRUE
"B_smooth_logistic",386,1000,1000,TRUE,TRUE,-0.037235483154617,TRUE
"B_smooth_logistic",447,1000,1000,TRUE,TRUE,-0.037235483154617,TRUE
"B_smooth_logistic",387,1000,1000,TRUE,TRUE,-0.037235483154617,TRUE
"B_smooth_logistic",448,1000,1000,TRUE,TRUE,-0.037235483154617,TRUE
"B_smooth_logistic",388,1000,1000,TRUE,TRUE,-0.037235483154617,TRUE
"B_smooth_logistic",449,1000,1000,TRUE,TRUE,-0.037235483154617,TRUE
"B_smooth_logistic",389,1000,1000,TRUE,TRUE,-0.037235483154617,TRUE
"B_smooth_logistic",450,1000,1000,TRUE,TRUE,-0.037235483154617,TRUE
"B_smooth_logistic",390,1000,1000,TRUE,TRUE,-0.037235483154617,TRUE
"B_smooth_logistic",451,1000,1000,TRUE,TRUE,-0.037235483154617,TRUE
"B_smooth_logistic",391,1000,1000,TRUE,TRUE,-0.037235483154617,TRUE
"B_smooth_logistic",452,1000,1000,TRUE,TRUE,-0.037235483154617,TRUE
"B_smooth_logistic",392,1000,1000,TRUE,TRUE,-0.037235483154617,TRUE
"B_smooth_logistic",453,1000,1000,TRUE,TRUE,-0.037235483154617,TRUE
"B_smooth_logistic",393,1000,1000,TRUE,TRUE,-0.037235483154617,TRUE
"B_smooth_logistic",454,1000,1000,TRUE,TRUE,-0.037235483154617,TRUE
"B_smooth_logistic",394,1000,1000,TRUE,TRUE,-0.037235483154617,TRUE
"B_smooth_logistic",455,1000,1000,TRUE,TRUE,-0.037235483154617,TRUE
"B_smooth_logistic",395,1000,1000,TRUE,TRUE,-0.037235483154617,TRUE
"B_smooth_logistic",456,1000,1000,TRUE,TRUE,-0.037235483154617,TRUE
"B_smooth_logistic",396,1000,1000,TRUE,TRUE,-0.037235483154617,TRUE
"B_smooth_logistic",457,1000,1000,TRUE,TRUE,-0.037235483154617,TRUE
"B_smooth_logistic",397,1000,1000,TRUE,TRUE,-0.037235483154617,TRUE
"B_smooth_logistic",458,1000,1000,TRUE,TRUE,-0.037235483154617,TRUE
"B_smooth_logistic",398,1000,1000,TRUE,TRUE,-0.037235483154617,TRUE
"B_smooth_logistic",459,1000,1000,TRUE,TRUE,-0.037235483154617,TRUE
"B_smooth_logistic",399,1000,1000,TRUE,TRUE,-0.037235483154617,TRUE
"B_smooth_logistic",460,1000,1000,TRUE,TRUE,-0.037235483154617,TRUE
"B_smooth_logistic",400,1000,1000,TRUE,TRUE,-0.037235483154617,TRUE
"B_smooth_logistic",461,1000,1000,TRUE,TRUE,-0.037235483154617,TRUE
"B_smooth_logistic",401,1000,1000,TRUE,TRUE,-0.037235483154617,TRUE
"B_smooth_logistic",462,1000,1000,TRUE,TRUE,-0.037235483154617,TRUE
"B_smooth_logistic",402,1000,1000,TRUE,TRUE,-0.037235483154617,TRUE
"B_smooth_logistic",463,1000,1000,TRUE,TRUE,-0.037235483154617,TRUE
"B_smooth_logistic",403,1000,1000,TRUE,TRUE,-0.037235483154617,TRUE
"B_smooth_logistic",464,1000,1000,TRUE,TRUE,-0.037235483154617,TRUE
"B_smooth_logistic",404,1000,1000,TRUE,TRUE,-0.037235483154617,TRUE
"B_smooth_logistic",465,1000,1000,TRUE,TRUE,-0.037235483154617,TRUE
"B_smooth_logistic",405,1000,1000,TRUE,TRUE,-0.037235483154617,TRUE
"B_smooth_logistic",466,1000,1000,TRUE,TRUE,-0.037235483154617,TRUE
"B_smooth_logistic",406,1000,1000,TRUE,TRUE,-0.037235483154617,TRUE
"B_smooth_logistic",467,1000,1000,TRUE,TRUE,-0.037235483154617,TRUE
"B_smooth_logistic",407,1000,1000,TRUE,TRUE,-0.037235483154617,TRUE
"B_smooth_logistic",468,1000,1000,TRUE,TRUE,-0.037235483154617,TRUE
"B_smooth_logistic",408,1000,1000,TRUE,TRUE,-0.037235483154617,TRUE
"B_smooth_logistic",469,1000,1000,TRUE,TRUE,-0.037235483154617,TRUE
"B_smooth_logistic",409,1000,1000,TRUE,TRUE,-0.037235483154617,TRUE
"B_smooth_logistic",470,1000,1000,TRUE,TRUE,-0.037235483154617,TRUE
"B_smooth_logistic",410,1000,1000,TRUE,TRUE,-0.037235483154617,TRUE
"B_smooth_logistic",471,1000,1000,TRUE,TRUE,-0.037235483154617,TRUE
"B_smooth_logistic",411,1000,1000,TRUE,TRUE,-0.037235483154617,TRUE
"B_smooth_logistic",472,1600,1600,TRUE,TRUE,-0.037235483154617,TRUE
"B_smooth_logistic",412,1000,1000,TRUE,TRUE,-0.037235483154617,TRUE
"B_smooth_logistic",473,1000,1000,TRUE,TRUE,-0.037235483154617,TRUE
"B_smooth_logistic",413,1000,1000,TRUE,TRUE,-0.037235483154617,TRUE
"B_smooth_logistic",474,1000,1000,TRUE,TRUE,-0.037235483154617,TRUE
"B_smooth_logistic",414,1000,1000,TRUE,TRUE,-0.037235483154617,TRUE
"B_smooth_logistic",475,1000,1000,TRUE,TRUE,-0.037235483154617,TRUE
"B_smooth_logistic",415,1000,1000,TRUE,TRUE,-0.037235483154617,TRUE
"B_smooth_logistic",476,1000,1000,TRUE,TRUE,-0.037235483154617,TRUE
"B_smooth_logistic",416,1000,1000,TRUE,TRUE,-0.037235483154617,TRUE
"B_smooth_logistic",477,1000,1000,TRUE,TRUE,-0.037235483154617,TRUE
"B_smooth_logistic",417,1000,1000,TRUE,TRUE,-0.037235483154617,TRUE
"B_smooth_logistic",478,1000,1000,TRUE,TRUE,-0.037235483154617,TRUE
"B_smooth_logistic",418,1000,1000,TRUE,TRUE,-0.037235483154617,TRUE
"B_smooth_logistic",479,1000,1000,TRUE,TRUE,-0.037235483154617,TRUE
"B_smooth_logistic",419,1000,1000,TRUE,TRUE,-0.037235483154617,TRUE
"B_smooth_logistic",480,1000,1000,TRUE,TRUE,-0.037235483154617,TRUE
"B_smooth_logistic",420,1000,1000,TRUE,TRUE,-0.037235483154617,TRUE
"B_smooth_logistic",481,1000,1000,TRUE,TRUE,-0.037235483154617,TRUE
"B_smooth_logistic",421,1000,1000,TRUE,TRUE,-0.037235483154617,TRUE
"B_smooth_logistic",482,1000,1000,TRUE,TRUE,-0.037235483154617,TRUE
"B_smooth_logistic",422,1000,1000,TRUE,TRUE,-0.037235483154617,TRUE
"B_smooth_logistic",483,1000,1000,TRUE,TRUE,-0.037235483154617,TRUE
"B_smooth_logistic",423,1000,1000,TRUE,TRUE,-0.037235483154617,TRUE
"B_smooth_logistic",484,1000,1000,TRUE,TRUE,-0.037235483154617,TRUE
"B_smooth_logistic",424,2200,1000,TRUE,TRUE,-0.037235483154617,TRUE
"B_smooth_logistic",485,1000,1000,TRUE,TRUE,-0.037235483154617,TRUE
"B_smooth_logistic",425,1000,1000,TRUE,TRUE,-0.037235483154617,TRUE
"B_smooth_logistic",486,1000,1000,TRUE,TRUE,-0.037235483154617,TRUE
"B_smooth_logistic",426,1000,1000,TRUE,TRUE,-0.037235483154617,TRUE
"B_smooth_logistic",487,1000,1000,TRUE,TRUE,-0.037235483154617,TRUE
"B_smooth_logistic",427,1000,1000,TRUE,TRUE,-0.037235483154617,TRUE
"B_smooth_logistic",488,1000,1000,TRUE,TRUE,-0.037235483154617,TRUE
"B_smooth_logistic",428,1000,1000,TRUE,TRUE,-0.037235483154617,TRUE
"B_smooth_logistic",489,1000,1000,TRUE,TRUE,-0.037235483154617,TRUE
"B_smooth_logistic",429,1000,1000,TRUE,TRUE,-0.037235483154617,TRUE
"B_smooth_logistic",490,1000,1000,TRUE,TRUE,-0.037235483154617,TRUE
"B_smooth_logistic",430,1000,1000,TRUE,TRUE,-0.037235483154617,TRUE
"B_smooth_logistic",491,1000,1000,TRUE,TRUE,-0.037235483154617,TRUE
"B_smooth_logistic",431,1000,1000,TRUE,TRUE,-0.037235483154617,TRUE
"B_smooth_logistic",492,1000,1000,TRUE,TRUE,-0.037235483154617,TRUE
"B_smooth_logistic",432,1000,1000,TRUE,TRUE,-0.037235483154617,TRUE
"B_smooth_logistic",493,1000,1000,TRUE,TRUE,-0.037235483154617,TRUE
"B_smooth_logistic",433,1000,1000,TRUE,TRUE,-0.037235483154617,TRUE
"B_smooth_logistic",494,1000,1000,TRUE,TRUE,-0.037235483154617,TRUE
"B_smooth_logistic",434,1000,1000,TRUE,TRUE,-0.037235483154617,TRUE
"B_smooth_logistic",495,1000,1000,TRUE,TRUE,-0.037235483154617,TRUE
"B_smooth_logistic",435,1000,1000,TRUE,TRUE,-0.037235483154617,TRUE
"B_smooth_logistic",496,1000,1000,TRUE,TRUE,-0.037235483154617,TRUE
"B_smooth_logistic",436,1000,1000,TRUE,TRUE,-0.037235483154617,TRUE
"B_smooth_logistic",497,1000,1000,TRUE,TRUE,-0.037235483154617,TRUE
"B_smooth_logistic",437,1000,1000,TRUE,TRUE,-0.037235483154617,TRUE
"B_smooth_logistic",498,1000,1000,TRUE,TRUE,-0.037235483154617,TRUE
"B_smooth_logistic",438,1000,1000,TRUE,TRUE,-0.037235483154617,TRUE
"B_smooth_logistic",499,1000,1000,TRUE,TRUE,-0.037235483154617,TRUE
"B_smooth_logistic",439,1000,1000,TRUE,TRUE,-0.037235483154617,TRUE
"B_smooth_logistic",500,1000,1000,TRUE,TRUE,-0.037235483154617,TRUE
